,column,class1,class2,stat,p_value
0,hcop_ii/hnc_ii,Q,A,0.0916795701951952,0.014191438617095372
1,hcop_ii/hnc_ii,Q,C,0.07745535714285715,0.4960343806727058
2,hcop_ii/hnc_ii,Q,H,0.14607520969721768,1.1699771536276095e-05
3,hcop_ii/hnc_ii,Q,P,0.2595874898208469,6.838028990131341e-12
4,hcop_ii/hnc_ii,Q,U,0.20288129456327986,3.9224778248137754e-10
5,hcop_ii/hnc_ii,A,C,0.047876447876447875,0.9399756256855152
6,hcop_ii/hnc_ii,A,H,0.08563719202017074,0.017250961071134392
7,hcop_ii/hnc_ii,A,P,0.2152918390703407,5.044487700322869e-09
8,hcop_ii/hnc_ii,A,U,0.17297779062484944,1.9391673506546902e-08
9,hcop_ii/hnc_ii,C,H,0.10182370820668693,0.17424090414724547
10,hcop_ii/hnc_ii,C,P,0.19781293624941834,0.0008851657779048767
11,hcop_ii/hnc_ii,C,U,0.18139801375095493,0.0010164942356297292
12,hcop_ii/hnc_ii,H,P,0.14209631244768814,0.0004524494269084916
13,hcop_ii/hnc_ii,H,U,0.11243658302481832,0.001100185915875418
14,hcop_ii/hnc_ii,P,U,0.07576047890284333,0.19216889901962
15,hcop_ii/h13cop_ii,Q,A,0.06416420118343195,0.8098984074376394
16,hcop_ii/h13cop_ii,Q,C,0.11614583333333334,0.8557996403447113
17,hcop_ii/h13cop_ii,Q,H,0.13053843896713616,0.11750240800170654
18,hcop_ii/h13cop_ii,Q,P,0.2947982594936709,0.0002946085932398679
19,hcop_ii/h13cop_ii,Q,U,0.29369212962962965,5.7003544057135555e-05
20,hcop_ii/h13cop_ii,A,C,0.10611439842209074,0.88127882047617
21,hcop_ii/h13cop_ii,A,H,0.0910214740117232,0.21237213322237772
22,hcop_ii/h13cop_ii,A,P,0.2537263126357576,0.0004015954677999653
23,hcop_ii/h13cop_ii,A,U,0.25684856454087224,3.003175603981374e-05
24,hcop_ii/h13cop_ii,C,H,0.10234741784037558,0.916671907261308
25,hcop_ii/h13cop_ii,C,P,0.2708860759493671,0.06589738048072763
26,hcop_ii/h13cop_ii,C,U,0.2574074074074074,0.07356695304576946
27,hcop_ii/h13cop_ii,H,P,0.17792832947049386,0.04478161697866592
28,hcop_ii/h13cop_ii,H,U,0.20461658841940533,0.0040645328384279885
29,hcop_ii/h13cop_ii,P,U,0.10548523206751055,0.6403690233575441
30,hcop_ii/hn13c_ii,Q,A,0.15126050420168066,0.1173371549235883
31,hcop_ii/hn13c_ii,Q,C,0.15476190476190477,0.8197011358516256
32,hcop_ii/hn13c_ii,Q,H,0.2688113413304253,0.0009247080154088241
33,hcop_ii/hn13c_ii,Q,P,0.36355311355311354,0.0011709366081888834
34,hcop_ii/hn13c_ii,Q,U,0.430952380952381,2.3521295841624567e-06
35,hcop_ii/hn13c_ii,A,C,0.1781045751633987,0.6086638100261317
36,hcop_ii/hn13c_ii,A,H,0.1771441400987876,0.01138698970209502
37,hcop_ii/hn13c_ii,A,P,0.2549019607843137,0.022875405459175963
38,hcop_ii/hn13c_ii,A,U,0.34215686274509804,2.4975372697766346e-05
39,hcop_ii/hn13c_ii,C,H,0.28498727735368956,0.1236946264413044
40,hcop_ii/hn13c_ii,C,P,0.3418803418803419,0.08731495930754518
41,hcop_ii/hn13c_ii,C,U,0.45,0.004787960801148295
42,hcop_ii/hn13c_ii,H,P,0.17009199451947543,0.3069417401050248
43,hcop_ii/hn13c_ii,H,U,0.19758269720101782,0.06795748321485894
44,hcop_ii/hn13c_ii,P,U,0.2064102564102564,0.226971303756132
45,hcop_ii/13cs_ii,Q,A,0.42045454545454547,0.0603165085232358
46,hcop_ii/13cs_ii,Q,C,0.5454545454545454,0.15562378797672918
47,hcop_ii/13cs_ii,Q,H,0.4150197628458498,0.05450234356280015
48,hcop_ii/13cs_ii,Q,P,0.30735930735930733,0.39738066760664326
49,hcop_ii/13cs_ii,Q,U,0.2097902097902098,0.8935638328557971
50,hcop_ii/13cs_ii,A,C,0.25,0.8443968588886933
51,hcop_ii/13cs_ii,A,H,0.1403985507246377,0.5737491631570201
52,hcop_ii/13cs_ii,A,P,0.29464285714285715,0.12706509534975557
53,hcop_ii/13cs_ii,A,U,0.45032051282051283,0.020790091235438103
54,hcop_ii/13cs_ii,C,H,0.30434782608695654,0.5950638099856701
55,hcop_ii/13cs_ii,C,P,0.5238095238095238,0.11445559271646227
56,hcop_ii/13cs_ii,C,U,0.5384615384615384,0.11506707946336428
57,hcop_ii/13cs_ii,H,P,0.2194616977225673,0.36071000613376325
58,hcop_ii/13cs_ii,H,U,0.39687848383500557,0.04646676266458897
59,hcop_ii/13cs_ii,P,U,0.32234432234432236,0.29667772849817975
60,hcop_ii/13c34s_ii,A,H,1.0,0.2
61,hcop_ii/13c34s_ii,A,P,1.0,0.6666666666666666
62,hcop_ii/13c34s_ii,A,U,0.6666666666666666,0.6
63,hcop_ii/13c34s_ii,H,P,1.0,0.5
64,hcop_ii/13c34s_ii,H,U,0.6666666666666666,0.6
65,hcop_ii/13c34s_ii,P,U,0.6666666666666666,1.0
66,hcop_ii/hc13ccn_ii,Q,A,0.5,0.8571428571428572
67,hcop_ii/hc13ccn_ii,Q,C,0.6666666666666666,0.8571428571428571
68,hcop_ii/hc13ccn_ii,Q,U,0.8333333333333334,0.5714285714285714
69,hcop_ii/hc13ccn_ii,A,C,1.0,0.6666666666666666
70,hcop_ii/hc13ccn_ii,A,U,1.0,0.6666666666666666
71,hcop_ii/hc13ccn_ii,C,U,1.0,1.0
72,hcop_ii/hnco404_ii,Q,A,0.5184331797235023,1.2769464834209367e-08
73,hcop_ii/hnco404_ii,Q,C,0.5,0.017294393765375934
74,hcop_ii/hnco404_ii,Q,H,0.5467532467532468,5.782961163458179e-08
75,hcop_ii/hnco404_ii,Q,P,0.7746031746031746,1.9603169551567192e-05
76,hcop_ii/hnco404_ii,Q,U,0.16666666666666666,0.22267025737406512
77,hcop_ii/hnco404_ii,A,C,0.23870967741935484,0.6283738218028618
78,hcop_ii/hnco404_ii,A,H,0.13856304985337242,0.6423333132455257
79,hcop_ii/hnco404_ii,A,P,0.4050179211469534,0.11530408262545366
80,hcop_ii/hnco404_ii,A,U,0.38626964433416044,3.883702449103009e-05
81,hcop_ii/hnco404_ii,C,H,0.35454545454545455,0.20329907510232378
82,hcop_ii/hnco404_ii,C,P,0.4888888888888889,0.13534607807053628
83,hcop_ii/hnco404_ii,C,U,0.38974358974358975,0.10089606666252093
84,hcop_ii/hnco404_ii,H,P,0.3207070707070707,0.35213372677768795
85,hcop_ii/hnco404_ii,H,U,0.44638694638694637,1.3690526200460511e-05
86,hcop_ii/hnco404_ii,P,U,0.6837606837606838,0.00033089841428141575
87,hcop_ii/ch3cn_ii,Q,A,0.24074074074074073,0.2925755456958401
88,hcop_ii/ch3cn_ii,Q,C,0.4444444444444444,0.5625615763546798
89,hcop_ii/ch3cn_ii,Q,H,0.2982456140350877,0.21780272662554886
90,hcop_ii/ch3cn_ii,Q,P,0.3425925925925926,0.7012553631018591
91,hcop_ii/ch3cn_ii,Q,U,0.42592592592592593,0.07299244710868222
92,hcop_ii/ch3cn_ii,A,C,0.4722222222222222,0.4698544698544697
93,hcop_ii/ch3cn_ii,A,H,0.24561403508771928,0.37090389284672964
94,hcop_ii/ch3cn_ii,A,P,0.3611111111111111,0.6561987088302879
95,hcop_ii/ch3cn_ii,A,U,0.3888888888888889,0.11513150430463281
96,hcop_ii/ch3cn_ii,C,H,0.3508771929824561,0.8090909090909091
97,hcop_ii/ch3cn_ii,C,P,0.3333333333333333,0.9714285714285715
98,hcop_ii/ch3cn_ii,C,U,0.25,0.9978021978021978
99,hcop_ii/ch3cn_ii,H,P,0.25,0.9548277809147375
100,hcop_ii/ch3cn_ii,H,U,0.23684210526315788,0.6995821125240288
101,hcop_ii/ch3cn_ii,P,U,0.16666666666666666,1.0
102,hcop_ii/hc3n_ii,Q,A,0.15929333824070666,0.03662408673178232
103,hcop_ii/hc3n_ii,Q,C,0.25353535353535356,0.22791573047291344
104,hcop_ii/hc3n_ii,Q,H,0.1887908208296558,0.010106466084445867
105,hcop_ii/hc3n_ii,Q,P,0.341101152368758,5.61736600396986e-05
106,hcop_ii/hc3n_ii,Q,U,0.18736517719568568,0.030807823411893816
107,hcop_ii/hc3n_ii,A,C,0.13990103463787673,0.8508810550542302
108,hcop_ii/hc3n_ii,A,H,0.07399473291144217,0.5377479357038606
109,hcop_ii/hc3n_ii,A,P,0.3081484860580487,3.8092684094532385e-05
110,hcop_ii/hc3n_ii,A,U,0.16866808481438275,0.018287498524560717
111,hcop_ii/hc3n_ii,C,H,0.18015102481121897,0.5910561618295136
112,hcop_ii/hc3n_ii,C,P,0.4241001564945227,0.0080428931622774
113,hcop_ii/hc3n_ii,C,U,0.2871939736346516,0.12293885099916887
114,hcop_ii/hc3n_ii,H,P,0.2857240530562013,0.0002623029975491978
115,hcop_ii/hc3n_ii,H,U,0.12637814711206188,0.16395573307380193
116,hcop_ii/hc3n_ii,P,U,0.22356170923848173,0.01987915484869554
117,hcop_ii/c2h_ii,Q,A,0.1470496018059823,0.003086934279307317
118,hcop_ii/c2h_ii,Q,C,0.08336798336798337,0.8412698011022002
119,hcop_ii/c2h_ii,Q,H,0.10257154529230901,0.08646955771386451
120,hcop_ii/c2h_ii,Q,P,0.21944123111438288,1.5900080123229114e-05
121,hcop_ii/c2h_ii,Q,U,0.04319982633235645,0.9714636303605233
122,hcop_ii/c2h_ii,A,C,0.19557379975013386,0.0225966428364938
123,hcop_ii/c2h_ii,A,H,0.22404465388257314,7.53191991376564e-10
124,hcop_ii/c2h_ii,A,P,0.3256294744824722,1.2455419511530547e-15
125,hcop_ii/c2h_ii,A,U,0.16004621735200664,0.0005266830198044426
126,hcop_ii/c2h_ii,C,H,0.10457132366440243,0.5312715313665646
127,hcop_ii/c2h_ii,C,P,0.19449266686620773,0.03336989742969526
128,hcop_ii/c2h_ii,C,U,0.1001544640098857,0.6355469958450024
129,hcop_ii/c2h_ii,H,P,0.12740172543484116,0.01012167655098589
130,hcop_ii/c2h_ii,H,U,0.09903096874370992,0.08588269482485336
131,hcop_ii/c2h_ii,P,U,0.20466301001672058,3.904804209094051e-05
132,hcop_ii/sio_ii,Q,A,0.2188847369933889,0.031799575076267794
133,hcop_ii/sio_ii,Q,C,0.37370892018779345,0.04652156310383375
134,hcop_ii/sio_ii,Q,H,0.35038804254096007,0.0010843433147766951
135,hcop_ii/sio_ii,Q,P,0.31882202304737517,0.23131208930090535
136,hcop_ii/sio_ii,Q,U,0.1467753891771683,0.3610817557544028
137,hcop_ii/sio_ii,A,C,0.19251700680272107,0.6455251684303552
138,hcop_ii/sio_ii,A,H,0.2755102040816326,0.012825050493196037
139,hcop_ii/sio_ii,A,P,0.17717996289424862,0.8581552785142317
140,hcop_ii/sio_ii,A,U,0.2083780880773362,0.040426967575176935
141,hcop_ii/sio_ii,C,H,0.38231292517006804,0.05002638290462968
142,hcop_ii/sio_ii,C,P,0.30303030303030304,0.5001480683806703
143,hcop_ii/sio_ii,C,U,0.34035087719298246,0.08133558358521377
144,hcop_ii/sio_ii,H,P,0.287569573283859,0.37058409492796296
145,hcop_ii/sio_ii,H,U,0.2932330827067669,0.009027808182145047
146,hcop_ii/sio_ii,P,U,0.2930622009569378,0.3139147712001797
147,hcop_ii/h41a_ii,Q,A,0.5714285714285714,1.0
148,hcop_ii/h41a_ii,Q,C,1.0,1.0
149,hcop_ii/h41a_ii,Q,H,0.5454545454545454,1.0
150,hcop_ii/h41a_ii,Q,P,0.5,1.0
151,hcop_ii/h41a_ii,A,C,0.5714285714285714,1.0
152,hcop_ii/h41a_ii,A,H,0.22077922077922077,0.9396681749622924
153,hcop_ii/h41a_ii,A,P,0.5,0.75
154,hcop_ii/h41a_ii,C,H,0.5454545454545454,1.0
155,hcop_ii/h41a_ii,C,P,0.5,1.0
156,hcop_ii/h41a_ii,H,P,0.4090909090909091,0.8846153846153846
157,hnc_ii/hcop_ii,Q,A,0.0916795701951952,0.014191438617095372
158,hnc_ii/hcop_ii,Q,C,0.07745535714285715,0.4960343806727058
159,hnc_ii/hcop_ii,Q,H,0.14607520969721768,1.1699771536276095e-05
160,hnc_ii/hcop_ii,Q,P,0.2595874898208469,6.838028990131341e-12
161,hnc_ii/hcop_ii,Q,U,0.20288129456327986,3.9224778248137754e-10
162,hnc_ii/hcop_ii,A,C,0.047876447876447875,0.9399756256855152
163,hnc_ii/hcop_ii,A,H,0.08563719202017074,0.017250961071134392
164,hnc_ii/hcop_ii,A,P,0.2152918390703407,5.044487700322869e-09
165,hnc_ii/hcop_ii,A,U,0.17297779062484944,1.9391673506546902e-08
166,hnc_ii/hcop_ii,C,H,0.10182370820668693,0.17424090414724547
167,hnc_ii/hcop_ii,C,P,0.19781293624941834,0.0008851657779048767
168,hnc_ii/hcop_ii,C,U,0.18139801375095493,0.0010164942356297292
169,hnc_ii/hcop_ii,H,P,0.14209631244768814,0.0004524494269084916
170,hnc_ii/hcop_ii,H,U,0.11243658302481832,0.001100185915875418
171,hnc_ii/hcop_ii,P,U,0.07576047890284333,0.19216889901962
172,hnc_ii/h13cop_ii,Q,A,0.13697640828117477,0.04809552462142355
173,hnc_ii/h13cop_ii,Q,C,0.14039179104477612,0.6312107753872956
174,hnc_ii/h13cop_ii,Q,H,0.17594585213467545,0.010251381807647893
175,hnc_ii/h13cop_ii,Q,P,0.1987530700925751,0.03316035387747
176,hnc_ii/h13cop_ii,Q,U,0.23432835820895523,0.002074923982893659
177,hnc_ii/h13cop_ii,A,C,0.10328079178885631,0.8792765404791612
178,hnc_ii/h13cop_ii,A,H,0.12616790561276683,0.02684728105724515
179,hnc_ii/h13cop_ii,A,P,0.2266602323768514,0.00221436219025117
180,hnc_ii/h13cop_ii,A,U,0.22756598240469209,0.00028758926694653
181,hnc_ii/h13cop_ii,C,H,0.17034883720930233,0.34997997576568307
182,hnc_ii/h13cop_ii,C,P,0.19699367088607594,0.29351979633362796
183,hnc_ii/h13cop_ii,C,U,0.19375,0.2677571962696066
184,hnc_ii/h13cop_ii,H,P,0.13629673241095083,0.20944833749243855
185,hnc_ii/h13cop_ii,H,U,0.13023255813953488,0.1519015450535935
186,hnc_ii/h13cop_ii,P,U,0.12209436133486766,0.45351361736678253
187,hnc_ii/hn13c_ii,Q,A,0.23858004740357683,0.0012137190403196604
188,hnc_ii/hn13c_ii,Q,C,0.1474840948525159,0.8273754053302159
189,hnc_ii/hn13c_ii,Q,H,0.34945054945054943,2.582298064251248e-06
190,hnc_ii/hn13c_ii,Q,P,0.3956043956043956,0.0002535326086407306
191,hnc_ii/hn13c_ii,Q,U,0.36538461538461536,7.830490590044141e-05
192,hnc_ii/hn13c_ii,A,C,0.27270381836945307,0.12261518417360343
193,hnc_ii/hn13c_ii,A,H,0.23099547511312218,0.0003251862831749404
194,hnc_ii/hn13c_ii,A,P,0.38687782805429866,6.576300499524462e-05
195,hnc_ii/hn13c_ii,A,U,0.3480392156862745,1.679748773246295e-05
196,hnc_ii/hn13c_ii,C,H,0.342914979757085,0.030100833895216096
197,hnc_ii/hn13c_ii,C,P,0.5060728744939271,0.001760772441743389
198,hnc_ii/hn13c_ii,C,U,0.47017543859649125,0.0020097820814056738
199,hnc_ii/hn13c_ii,H,P,0.18461538461538463,0.2298991118968583
200,hnc_ii/hn13c_ii,H,U,0.17051282051282052,0.1621832382218713
201,hnc_ii/hn13c_ii,P,U,0.16923076923076924,0.44842622989631276
202,hnc_ii/13cs_ii,Q,A,0.5844155844155844,0.0019988160185245196
203,hnc_ii/13cs_ii,Q,C,0.7272727272727273,0.011060834590246352
204,hnc_ii/13cs_ii,Q,H,0.5823451910408433,0.001477171212938724
205,hnc_ii/13cs_ii,Q,P,0.4935064935064935,0.03500458207620756
206,hnc_ii/13cs_ii,Q,U,0.512987012987013,0.05123076232781442
207,hnc_ii/13cs_ii,A,C,0.2857142857142857,0.6329252397620875
208,hnc_ii/13cs_ii,A,H,0.2295178941141674,0.08047417003066967
209,hnc_ii/13cs_ii,A,P,0.40816326530612246,0.010678489358396555
210,hnc_ii/13cs_ii,A,U,0.5510204081632653,0.0014801571993705827
211,hnc_ii/13cs_ii,C,H,0.46790890269151136,0.0849408143685995
212,hnc_ii/13cs_ii,C,P,0.6190476190476191,0.025625823451910414
213,hnc_ii/13cs_ii,C,U,0.7142857142857143,0.01178190574475404
214,hnc_ii/13cs_ii,H,P,0.2111801242236025,0.4074496340215656
215,hnc_ii/13cs_ii,H,U,0.4803312629399586,0.005883893885012831
216,hnc_ii/13cs_ii,P,U,0.3333333333333333,0.2686234991870979
217,hnc_ii/13c34s_ii,A,H,1.0,0.2
218,hnc_ii/13c34s_ii,A,P,1.0,0.6666666666666666
219,hnc_ii/13c34s_ii,A,U,0.5,1.0
220,hnc_ii/13c34s_ii,H,P,1.0,0.5
221,hnc_ii/13c34s_ii,H,U,0.5,0.9
222,hnc_ii/13c34s_ii,P,U,0.5,1.0
223,hnc_ii/hc13ccn_ii,Q,A,0.5,0.8571428571428572
224,hnc_ii/hc13ccn_ii,Q,C,0.6666666666666666,0.8571428571428571
225,hnc_ii/hc13ccn_ii,Q,U,0.6666666666666666,0.8571428571428571
226,hnc_ii/hc13ccn_ii,A,C,1.0,0.6666666666666666
227,hnc_ii/hc13ccn_ii,A,U,0.5,1.0
228,hnc_ii/hc13ccn_ii,C,U,1.0,1.0
229,hnc_ii/hnco404_ii,Q,A,0.7464049747376603,8.393059665989287e-20
230,hnc_ii/hnco404_ii,Q,C,0.6156626506024097,0.0009005355172237839
231,hnc_ii/hnco404_ii,Q,H,0.6883899233296824,1.1970716155935663e-13
232,hnc_ii/hnco404_ii,Q,P,0.8795180722891566,2.128356225489555e-07
233,hnc_ii/hnco404_ii,Q,U,0.20526550647032574,0.052307604613695324
234,hnc_ii/hnco404_ii,A,C,0.21935483870967742,0.7263429218543691
235,hnc_ii/hnco404_ii,A,H,0.18621700879765396,0.288775640047136
236,hnc_ii/hnco404_ii,A,P,0.26344086021505375,0.5546250932998932
237,hnc_ii/hnco404_ii,A,U,0.6164874551971327,5.060183485275846e-13
238,hnc_ii/hnco404_ii,C,H,0.3090909090909091,0.34502643215626316
239,hnc_ii/hnco404_ii,C,P,0.3,0.6374786204507567
240,hnc_ii/hnco404_ii,C,U,0.5024691358024691,0.014248565553385141
241,hnc_ii/hnco404_ii,H,P,0.25252525252525254,0.6400766398053821
242,hnc_ii/hnco404_ii,H,U,0.5628507295173962,6.940888780367784e-09
243,hnc_ii/hnco404_ii,P,U,0.7530864197530864,4.166596621902704e-05
244,hnc_ii/ch3cn_ii,Q,A,0.16666666666666666,0.7333008643687404
245,hnc_ii/ch3cn_ii,Q,C,0.4074074074074074,0.6586206896551725
246,hnc_ii/ch3cn_ii,Q,H,0.2982456140350877,0.21780272662554886
247,hnc_ii/ch3cn_ii,Q,P,0.37962962962962965,0.5846496106785318
248,hnc_ii/ch3cn_ii,Q,U,0.30952380952380953,0.26913981872777776
249,hnc_ii/ch3cn_ii,A,C,0.4444444444444444,0.5413064886749098
250,hnc_ii/ch3cn_ii,A,H,0.27631578947368424,0.2455942307999277
251,hnc_ii/ch3cn_ii,A,P,0.3888888888888889,0.5666921982711457
252,hnc_ii/ch3cn_ii,A,U,0.30158730158730157,0.2600789610993051
253,hnc_ii/ch3cn_ii,C,H,0.3333333333333333,0.8597402597402596
254,hnc_ii/ch3cn_ii,C,P,0.25,1.0
255,hnc_ii/ch3cn_ii,C,U,0.2619047619047619,0.9823529411764708
256,hnc_ii/ch3cn_ii,H,P,0.2894736842105263,0.8577075098814227
257,hnc_ii/ch3cn_ii,H,U,0.2518796992481203,0.590186106848824
258,hnc_ii/ch3cn_ii,P,U,0.25,0.9735294117647059
259,hnc_ii/hc3n_ii,Q,A,0.1290424857324033,0.1329447223846131
260,hnc_ii/hc3n_ii,Q,C,0.1824561403508772,0.5563037967160185
261,hnc_ii/hc3n_ii,Q,H,0.19059011164274323,0.008045811274415691
262,hnc_ii/hc3n_ii,Q,P,0.41129231529528043,3.671017771306355e-07
263,hnc_ii/hc3n_ii,Q,U,0.14027838190517616,0.17480494258892193
264,hnc_ii/hc3n_ii,A,C,0.14899598393574298,0.7482838623761695
265,hnc_ii/hc3n_ii,A,H,0.08462558367441056,0.36308547000454716
266,hnc_ii/hc3n_ii,A,P,0.32473556196617454,1.1086021999611638e-05
267,hnc_ii/hc3n_ii,A,U,0.17796807062962594,0.009747308808247227
268,hnc_ii/hc3n_ii,C,H,0.17272727272727273,0.5841029005743583
269,hnc_ii/hc3n_ii,C,P,0.32253521126760565,0.05970314744197864
270,hnc_ii/hc3n_ii,C,U,0.23057851239669422,0.26736178310457465
271,hnc_ii/hc3n_ii,H,P,0.2924725385807669,0.0001643487784826344
272,hnc_ii/hc3n_ii,H,U,0.19443236189647672,0.005124203966210812
273,hnc_ii/hc3n_ii,P,U,0.29961587708066584,0.0004624807328182813
274,hnc_ii/c2h_ii,Q,A,0.06593095642331635,0.5072477248696614
275,hnc_ii/c2h_ii,Q,C,0.17025518341307816,0.09016979698095728
276,hnc_ii/c2h_ii,Q,H,0.2473890608875129,1.779448098846647e-08
277,hnc_ii/c2h_ii,Q,P,0.4283965728274174,1.74802669370368e-20
278,hnc_ii/c2h_ii,Q,U,0.19095816464237517,0.00028949410255632785
279,hnc_ii/c2h_ii,A,C,0.2031140902108644,0.01492578641092745
280,hnc_ii/c2h_ii,A,H,0.27981024667931687,2.5416624540487133e-15
281,hnc_ii/c2h_ii,A,P,0.46633086843139354,2.3254283179661967e-32
282,hnc_ii/c2h_ii,A,U,0.23500438441015692,4.0046931124511735e-08
283,hnc_ii/c2h_ii,C,H,0.14556149732620322,0.15916793892942244
284,hnc_ii/c2h_ii,C,P,0.3047921071176885,7.976013411589345e-05
285,hnc_ii/c2h_ii,C,U,0.10078517973254815,0.6215832932553895
286,hnc_ii/c2h_ii,H,P,0.25297765617875057,1.5613829856771218e-09
287,hnc_ii/c2h_ii,H,U,0.09031674208144796,0.1448265492299598
288,hnc_ii/c2h_ii,P,U,0.2492232369833349,2.1623788890491118e-07
289,hnc_ii/sio_ii,Q,A,0.22512886597938145,0.019103478950782845
290,hnc_ii/sio_ii,Q,C,0.4125,0.019160384436349504
291,hnc_ii/sio_ii,Q,H,0.4166666666666667,3.62831603924444e-05
292,hnc_ii/sio_ii,Q,P,0.33636363636363636,0.1764571950149306
293,hnc_ii/sio_ii,Q,U,0.19537037037037036,0.07135700902858014
294,hnc_ii/sio_ii,A,C,0.27353951890034367,0.23761098274002027
295,hnc_ii/sio_ii,A,H,0.30455326460481097,0.004135534268325206
296,hnc_ii/sio_ii,A,P,0.1583880037488285,0.9290488174469183
297,hnc_ii/sio_ii,A,U,0.3269695812651139,0.00010186695054515351
298,hnc_ii/sio_ii,C,H,0.2625,0.3458245811772038
299,hnc_ii/sio_ii,C,P,0.19393939393939394,0.9242319599904738
300,hnc_ii/sio_ii,C,U,0.5259259259259259,0.0009286550524728478
301,hnc_ii/sio_ii,H,P,0.2821969696969697,0.39504044702692115
302,hnc_ii/sio_ii,H,U,0.375,0.00026533412498153303
303,hnc_ii/sio_ii,P,U,0.4107744107744108,0.05429843231035454
304,hnc_ii/h41a_ii,Q,A,0.7142857142857143,0.75
305,hnc_ii/h41a_ii,Q,C,1.0,1.0
306,hnc_ii/h41a_ii,Q,H,0.7272727272727273,0.6666666666666666
307,hnc_ii/h41a_ii,Q,P,1.0,0.6666666666666666
308,hnc_ii/h41a_ii,A,C,0.7142857142857143,0.75
309,hnc_ii/h41a_ii,A,H,0.45454545454545453,0.2474233283056812
310,hnc_ii/h41a_ii,A,P,0.42857142857142855,0.8888888888888888
311,hnc_ii/h41a_ii,C,H,0.5454545454545454,1.0
312,hnc_ii/h41a_ii,C,P,0.5,1.0
313,hnc_ii/h41a_ii,H,P,0.45454545454545453,0.7948717948717948
314,h13cop_ii/hcop_ii,Q,A,0.06416420118343195,0.8098984074376394
315,h13cop_ii/hcop_ii,Q,C,0.11614583333333334,0.8557996403447113
316,h13cop_ii/hcop_ii,Q,H,0.13053843896713616,0.11750240800170654
317,h13cop_ii/hcop_ii,Q,P,0.2947982594936709,0.0002946085932398679
318,h13cop_ii/hcop_ii,Q,U,0.29369212962962965,5.7003544057135555e-05
319,h13cop_ii/hcop_ii,A,C,0.10611439842209074,0.88127882047617
320,h13cop_ii/hcop_ii,A,H,0.0910214740117232,0.21237213322237772
321,h13cop_ii/hcop_ii,A,P,0.2537263126357576,0.0004015954677999653
322,h13cop_ii/hcop_ii,A,U,0.25684856454087224,3.003175603981374e-05
323,h13cop_ii/hcop_ii,C,H,0.10234741784037558,0.916671907261308
324,h13cop_ii/hcop_ii,C,P,0.2708860759493671,0.06589738048072763
325,h13cop_ii/hcop_ii,C,U,0.2574074074074074,0.07356695304576946
326,h13cop_ii/hcop_ii,H,P,0.17792832947049386,0.04478161697866592
327,h13cop_ii/hcop_ii,H,U,0.20461658841940533,0.0040645328384279885
328,h13cop_ii/hcop_ii,P,U,0.10548523206751055,0.6403690233575441
329,h13cop_ii/hnc_ii,Q,A,0.13697640828117477,0.04809552462142355
330,h13cop_ii/hnc_ii,Q,C,0.14039179104477612,0.6312107753872956
331,h13cop_ii/hnc_ii,Q,H,0.17594585213467545,0.010251381807647893
332,h13cop_ii/hnc_ii,Q,P,0.1987530700925751,0.03316035387747
333,h13cop_ii/hnc_ii,Q,U,0.23432835820895523,0.002074923982893659
334,h13cop_ii/hnc_ii,A,C,0.10328079178885631,0.8792765404791612
335,h13cop_ii/hnc_ii,A,H,0.12616790561276683,0.02684728105724515
336,h13cop_ii/hnc_ii,A,P,0.2266602323768514,0.00221436219025117
337,h13cop_ii/hnc_ii,A,U,0.22756598240469209,0.00028758926694653
338,h13cop_ii/hnc_ii,C,H,0.17034883720930233,0.34997997576568307
339,h13cop_ii/hnc_ii,C,P,0.19699367088607594,0.29351979633362796
340,h13cop_ii/hnc_ii,C,U,0.19375,0.2677571962696066
341,h13cop_ii/hnc_ii,H,P,0.13629673241095083,0.20944833749243855
342,h13cop_ii/hnc_ii,H,U,0.13023255813953488,0.1519015450535935
343,h13cop_ii/hnc_ii,P,U,0.12209436133486766,0.45351361736678253
344,h13cop_ii/hn13c_ii,Q,A,0.23777777777777778,0.02043440466878304
345,h13cop_ii/hn13c_ii,Q,C,0.1742857142857143,0.8349270734726614
346,h13cop_ii/hn13c_ii,Q,H,0.33586206896551724,0.0005055173696153584
347,h13cop_ii/hn13c_ii,Q,P,0.30787878787878786,0.033964329743073896
348,h13cop_ii/hn13c_ii,Q,U,0.3957894736842105,0.0015157609954855654
349,h13cop_ii/hn13c_ii,A,C,0.19507101086048453,0.6352075829659697
350,h13cop_ii/hn13c_ii,A,H,0.1301169590643275,0.17221265302510264
351,h13cop_ii/hn13c_ii,A,P,0.12068048910154174,0.7664042239229372
352,h13cop_ii/hn13c_ii,A,U,0.195906432748538,0.1635571450975638
353,h13cop_ii/hn13c_ii,C,H,0.2955665024630542,0.1823620180200579
354,h13cop_ii/hn13c_ii,C,P,0.21645021645021645,0.6577359847544006
355,h13cop_ii/hn13c_ii,C,U,0.3082706766917293,0.2271207049769216
356,h13cop_ii/hn13c_ii,H,P,0.2006269592476489,0.2177838103575432
357,h13cop_ii/hn13c_ii,H,U,0.0852994555353902,0.9697023402349684
358,h13cop_ii/hn13c_ii,P,U,0.17942583732057416,0.5431813002139038
359,h13cop_ii/13cs_ii,Q,A,0.23369565217391305,0.7683159616425255
360,h13cop_ii/13cs_ii,Q,C,0.625,0.2222222222222222
361,h13cop_ii/13cs_ii,Q,H,0.2916666666666667,0.4845784039234435
362,h13cop_ii/13cs_ii,Q,P,0.21052631578947367,0.9130069930069932
363,h13cop_ii/13cs_ii,Q,U,0.4027777777777778,0.406993006993007
364,h13cop_ii/13cs_ii,A,C,0.5652173913043478,0.12953538862353456
365,h13cop_ii/13cs_ii,A,H,0.11001317523056653,0.8518148057054687
366,h13cop_ii/13cs_ii,A,P,0.18764302059496568,0.6505697778754841
367,h13cop_ii/13cs_ii,A,U,0.21739130434782608,0.7839497960025982
368,h13cop_ii/13cs_ii,C,H,0.5151515151515151,0.18900528413831452
369,h13cop_ii/13cs_ii,C,P,0.631578947368421,0.10163749294184078
370,h13cop_ii/13cs_ii,C,U,0.5555555555555556,0.2517482517482518
371,h13cop_ii/13cs_ii,H,P,0.24561403508771928,0.27908005530625085
372,h13cop_ii/13cs_ii,H,U,0.20202020202020202,0.840489340049722
373,h13cop_ii/13cs_ii,P,U,0.3567251461988304,0.3263333767681594
374,h13cop_ii/13c34s_ii,A,H,1.0,0.3333333333333333
375,h13cop_ii/13c34s_ii,A,P,1.0,0.6666666666666666
376,h13cop_ii/13c34s_ii,H,P,1.0,0.6666666666666666
377,h13cop_ii/hc13ccn_ii,Q,A,1.0,1.0
378,h13cop_ii/hc13ccn_ii,Q,C,1.0,1.0
379,h13cop_ii/hc13ccn_ii,A,C,1.0,1.0
380,h13cop_ii/hnco404_ii,Q,A,0.7734553775743707,1.9760484826631455e-10
381,h13cop_ii/hnco404_ii,Q,C,0.8695652173913043,0.00035366931918656057
382,h13cop_ii/hnco404_ii,Q,H,0.8695652173913043,4.378383740711524e-11
383,h13cop_ii/hnco404_ii,Q,P,0.9130434782608695,3.536693191865605e-05
384,h13cop_ii/hnco404_ii,Q,U,0.7391304347826086,6.435722231050373e-05
385,h13cop_ii/hnco404_ii,A,C,0.5877192982456141,0.027476189342929606
386,h13cop_ii/hnco404_ii,A,H,0.18475877192982457,0.4213893110397896
387,h13cop_ii/hnco404_ii,A,P,0.3483709273182957,0.3485563396261247
388,h13cop_ii/hnco404_ii,A,U,0.3630229419703104,0.09200281762325417
389,h13cop_ii/hnco404_ii,C,H,0.7083333333333334,0.005725398914253404
390,h13cop_ii/hnco404_ii,C,P,0.8333333333333334,0.01515151515151515
391,h13cop_ii/hnco404_ii,C,U,0.5384615384615384,0.11506707946336428
392,h13cop_ii/hnco404_ii,H,P,0.32589285714285715,0.4711180469694402
393,h13cop_ii/hnco404_ii,H,U,0.35336538461538464,0.14499172610750644
394,h13cop_ii/hnco404_ii,P,U,0.5384615384615384,0.11127450980392158
395,h13cop_ii/ch3cn_ii,Q,A,0.6946386946386947,8.000779764361752e-05
396,h13cop_ii/ch3cn_ii,Q,C,0.5128205128205128,0.44999999999999996
397,h13cop_ii/ch3cn_ii,Q,H,0.7285067873303167,0.0002850704973327872
398,h13cop_ii/ch3cn_ii,Q,P,0.9230769230769231,0.014285714285714285
399,h13cop_ii/ch3cn_ii,Q,U,0.5897435897435898,0.08624502432551968
400,h13cop_ii/ch3cn_ii,A,C,0.5151515151515151,0.3714285714285714
401,h13cop_ii/ch3cn_ii,A,H,0.2192513368983957,0.5715056718450213
402,h13cop_ii/ch3cn_ii,A,P,0.5757575757575758,0.24369747899159655
403,h13cop_ii/ch3cn_ii,A,U,0.2727272727272727,0.7763780859756093
404,h13cop_ii/ch3cn_ii,C,H,0.5490196078431373,0.3157894736842105
405,h13cop_ii/ch3cn_ii,C,P,0.6666666666666666,0.6
406,h13cop_ii/ch3cn_ii,C,U,0.3333333333333333,0.988095238095238
407,h13cop_ii/ch3cn_ii,H,P,0.49019607843137253,0.4473684210526315
408,h13cop_ii/ch3cn_ii,H,U,0.3333333333333333,0.5759656057138894
409,h13cop_ii/ch3cn_ii,P,U,0.5,0.6785714285714285
410,h13cop_ii/hc3n_ii,Q,A,0.33312020460358055,0.0003253334671692126
411,h13cop_ii/hc3n_ii,Q,C,0.34782608695652173,0.07434347502329057
412,h13cop_ii/hc3n_ii,Q,H,0.34172852598091197,0.0003039803940818057
413,h13cop_ii/hc3n_ii,Q,P,0.34782608695652173,0.004421610498268542
414,h13cop_ii/hc3n_ii,Q,U,0.2780586450960566,0.04928401554725636
415,h13cop_ii/hc3n_ii,A,C,0.2647058823529412,0.19067452286161235
416,h13cop_ii/hc3n_ii,A,H,0.09648493543758967,0.3378250204782513
417,h13cop_ii/hc3n_ii,A,P,0.17769607843137256,0.15202508940670217
418,h13cop_ii/hc3n_ii,A,U,0.120953032375741,0.625012966959301
419,h13cop_ii/hc3n_ii,C,H,0.24031563845050216,0.2852326074966144
420,h13cop_ii/hc3n_ii,C,P,0.35171568627450983,0.06759027799893669
421,h13cop_ii/hc3n_ii,C,U,0.31053351573187415,0.1501617654273494
422,h13cop_ii/hc3n_ii,H,P,0.13973577235772358,0.41934111886311665
423,h13cop_ii/hc3n_ii,H,U,0.18916619398752127,0.15070388640108756
424,h13cop_ii/hc3n_ii,P,U,0.1613372093023256,0.5266661130914834
425,h13cop_ii/c2h_ii,Q,A,0.24847457627118644,0.00015015436379658476
426,h13cop_ii/c2h_ii,Q,C,0.15461538461538463,0.6433345980992142
427,h13cop_ii/c2h_ii,Q,H,0.12524271844660195,0.2177109725332467
428,h13cop_ii/c2h_ii,Q,P,0.2850649350649351,0.001259387498989762
429,h13cop_ii/c2h_ii,Q,U,0.21566265060240963,0.024096946889253706
430,h13cop_ii/c2h_ii,A,C,0.3239895697522816,0.009840689232289245
431,h13cop_ii/c2h_ii,A,H,0.3180681257199276,2.2643151336295062e-11
432,h13cop_ii/c2h_ii,A,P,0.48536209553158705,1.2102271332191074e-13
433,h13cop_ii/c2h_ii,A,U,0.38950377782315704,2.56926790579283e-09
434,h13cop_ii/c2h_ii,C,H,0.10866318147871545,0.9175914431963044
435,h13cop_ii/c2h_ii,C,P,0.3531468531468531,0.011913835813461704
436,h13cop_ii/c2h_ii,C,U,0.22659870250231695,0.22006494395849338
437,h13cop_ii/c2h_ii,H,P,0.28539906695246503,0.0001555999727671397
438,h13cop_ii/c2h_ii,H,U,0.20651538191601357,0.010671002643059754
439,h13cop_ii/c2h_ii,P,U,0.1664841182913472,0.1882590600828494
440,h13cop_ii/sio_ii,Q,A,0.48845315904139436,5.3791990027979296e-05
441,h13cop_ii/sio_ii,Q,C,0.6296296296296297,0.007774872513470955
442,h13cop_ii/sio_ii,Q,H,0.6388888888888888,2.0269767347416162e-06
443,h13cop_ii/sio_ii,Q,P,0.7407407407407407,0.001900507396810478
444,h13cop_ii/sio_ii,Q,U,0.5634920634920635,0.003057101393855707
445,h13cop_ii/sio_ii,A,C,0.2088235294117647,0.8458182496366249
446,h13cop_ii/sio_ii,A,H,0.2996732026143791,0.016275819591592355
447,h13cop_ii/sio_ii,A,P,0.4470588235294118,0.10512659733035824
448,h13cop_ii/sio_ii,A,U,0.3033613445378151,0.17371487058036536
449,h13cop_ii/sio_ii,C,H,0.4027777777777778,0.18681425965660378
450,h13cop_ii/sio_ii,C,P,0.375,0.5076923076923078
451,h13cop_ii/sio_ii,C,U,0.4642857142857143,0.1636176001501079
452,h13cop_ii/sio_ii,H,P,0.19444444444444445,0.9418610547368348
453,h13cop_ii/sio_ii,H,U,0.15873015873015872,0.9226114949635342
454,h13cop_ii/sio_ii,P,U,0.21428571428571427,0.9811919504643963
455,h13cop_ii/h41a_ii,A,C,1.0,0.2857142857142857
456,h13cop_ii/h41a_ii,A,H,0.5,0.30169830169830175
457,h13cop_ii/h41a_ii,A,P,0.8333333333333334,0.5714285714285714
458,h13cop_ii/h41a_ii,C,H,0.5,1.0
459,h13cop_ii/h41a_ii,C,P,1.0,1.0
460,h13cop_ii/h41a_ii,H,P,0.5,1.0
461,hn13c_ii/hcop_ii,Q,A,0.15126050420168066,0.1173371549235883
462,hn13c_ii/hcop_ii,Q,C,0.15476190476190477,0.8197011358516256
463,hn13c_ii/hcop_ii,Q,H,0.2688113413304253,0.0009247080154088241
464,hn13c_ii/hcop_ii,Q,P,0.36355311355311354,0.0011709366081888834
465,hn13c_ii/hcop_ii,Q,U,0.430952380952381,2.3521295841624567e-06
466,hn13c_ii/hcop_ii,A,C,0.1781045751633987,0.6086638100261317
467,hn13c_ii/hcop_ii,A,H,0.1771441400987876,0.01138698970209502
468,hn13c_ii/hcop_ii,A,P,0.2549019607843137,0.022875405459175963
469,hn13c_ii/hcop_ii,A,U,0.34215686274509804,2.4975372697766346e-05
470,hn13c_ii/hcop_ii,C,H,0.28498727735368956,0.1236946264413044
471,hn13c_ii/hcop_ii,C,P,0.3418803418803419,0.08731495930754518
472,hn13c_ii/hcop_ii,C,U,0.45,0.004787960801148295
473,hn13c_ii/hcop_ii,H,P,0.17009199451947543,0.3069417401050248
474,hn13c_ii/hcop_ii,H,U,0.19758269720101782,0.06795748321485894
475,hn13c_ii/hcop_ii,P,U,0.2064102564102564,0.226971303756132
476,hn13c_ii/hnc_ii,Q,A,0.23858004740357683,0.0012137190403196604
477,hn13c_ii/hnc_ii,Q,C,0.1474840948525159,0.8273754053302159
478,hn13c_ii/hnc_ii,Q,H,0.34945054945054943,2.582298064251248e-06
479,hn13c_ii/hnc_ii,Q,P,0.3956043956043956,0.0002535326086407306
480,hn13c_ii/hnc_ii,Q,U,0.36538461538461536,7.830490590044141e-05
481,hn13c_ii/hnc_ii,A,C,0.27270381836945307,0.12261518417360343
482,hn13c_ii/hnc_ii,A,H,0.23099547511312218,0.0003251862831749404
483,hn13c_ii/hnc_ii,A,P,0.38687782805429866,6.576300499524462e-05
484,hn13c_ii/hnc_ii,A,U,0.3480392156862745,1.679748773246295e-05
485,hn13c_ii/hnc_ii,C,H,0.342914979757085,0.030100833895216096
486,hn13c_ii/hnc_ii,C,P,0.5060728744939271,0.001760772441743389
487,hn13c_ii/hnc_ii,C,U,0.47017543859649125,0.0020097820814056738
488,hn13c_ii/hnc_ii,H,P,0.18461538461538463,0.2298991118968583
489,hn13c_ii/hnc_ii,H,U,0.17051282051282052,0.1621832382218713
490,hn13c_ii/hnc_ii,P,U,0.16923076923076924,0.44842622989631276
491,hn13c_ii/h13cop_ii,Q,A,0.23777777777777778,0.02043440466878304
492,hn13c_ii/h13cop_ii,Q,C,0.1742857142857143,0.8349270734726614
493,hn13c_ii/h13cop_ii,Q,H,0.33586206896551724,0.0005055173696153584
494,hn13c_ii/h13cop_ii,Q,P,0.30787878787878786,0.033964329743073896
495,hn13c_ii/h13cop_ii,Q,U,0.3957894736842105,0.0015157609954855654
496,hn13c_ii/h13cop_ii,A,C,0.19507101086048453,0.6352075829659697
497,hn13c_ii/h13cop_ii,A,H,0.1301169590643275,0.17221265302510264
498,hn13c_ii/h13cop_ii,A,P,0.12068048910154174,0.7664042239229372
499,hn13c_ii/h13cop_ii,A,U,0.195906432748538,0.1635571450975638
500,hn13c_ii/h13cop_ii,C,H,0.2955665024630542,0.1823620180200579
501,hn13c_ii/h13cop_ii,C,P,0.21645021645021645,0.6577359847544006
502,hn13c_ii/h13cop_ii,C,U,0.3082706766917293,0.2271207049769216
503,hn13c_ii/h13cop_ii,H,P,0.2006269592476489,0.2177838103575432
504,hn13c_ii/h13cop_ii,H,U,0.0852994555353902,0.9697023402349684
505,hn13c_ii/h13cop_ii,P,U,0.17942583732057416,0.5431813002139038
506,hn13c_ii/13cs_ii,Q,A,0.675,0.0022277891643193307
507,hn13c_ii/13cs_ii,Q,C,1.0,0.012121212121212121
508,hn13c_ii/13cs_ii,Q,H,0.7019230769230769,0.0007343753192943285
509,hn13c_ii/13cs_ii,Q,P,0.7416666666666667,0.0028022858821082
510,hn13c_ii/13cs_ii,Q,U,0.75,0.018648018648018645
511,hn13c_ii/13cs_ii,A,C,0.775,0.035653512681306204
512,hn13c_ii/13cs_ii,A,H,0.21923076923076923,0.1922250926197825
513,hn13c_ii/13cs_ii,A,P,0.225,0.5690018490680032
514,hn13c_ii/13cs_ii,A,U,0.35,0.3401746342008269
515,hn13c_ii/13cs_ii,C,H,0.8653846153846154,0.009148084619782736
516,hn13c_ii/13cs_ii,C,P,0.8,0.049019607843137254
517,hn13c_ii/13cs_ii,C,U,1.0,0.012121212121212121
518,hn13c_ii/13cs_ii,H,P,0.2423076923076923,0.42889106258710064
519,hn13c_ii/13cs_ii,H,U,0.28846153846153844,0.5304653374697259
520,hn13c_ii/13cs_ii,P,U,0.2833333333333333,0.6913916388273637
521,hn13c_ii/13c34s_ii,A,H,1.0,0.3333333333333333
522,hn13c_ii/hc13ccn_ii,Q,A,1.0,0.6666666666666666
523,hn13c_ii/hnco404_ii,Q,A,0.8745819397993311,2.4533636050775555e-13
524,hn13c_ii/hnco404_ii,Q,C,0.9130434782608695,0.00011788977306218687
525,hn13c_ii/hnco404_ii,Q,H,0.9130434782608695,7.515508601470285e-12
526,hn13c_ii/hnco404_ii,Q,P,0.9130434782608695,3.536693191865605e-05
527,hn13c_ii/hnco404_ii,Q,U,0.47554347826086957,0.017630223454376193
528,hn13c_ii/hnco404_ii,A,C,0.20512820512820512,0.9398701550706481
529,hn13c_ii/hnco404_ii,A,H,0.30238726790450926,0.04996972683783878
530,hn13c_ii/hnco404_ii,A,P,0.21153846153846154,0.8915498898391878
531,hn13c_ii/hnco404_ii,A,U,0.39903846153846156,0.029416323747200282
532,hn13c_ii/hnco404_ii,C,H,0.3793103448275862,0.3883412602577687
533,hn13c_ii/hnco404_ii,C,P,0.2857142857142857,0.8717948717948717
534,hn13c_ii/hnco404_ii,C,U,0.4375,0.3045045769503974
535,hn13c_ii/hnco404_ii,H,P,0.3793103448275862,0.29491116094531655
536,hn13c_ii/hnco404_ii,H,U,0.46551724137931033,0.014434059401919962
537,hn13c_ii/hnco404_ii,P,U,0.5,0.12620891918240149
538,hn13c_ii/ch3cn_ii,Q,A,0.4458128078817734,0.027763065087943198
539,hn13c_ii/ch3cn_ii,Q,C,0.3333333333333333,0.8823529411764707
540,hn13c_ii/ch3cn_ii,Q,H,0.5952380952380952,0.00494033169173927
541,hn13c_ii/ch3cn_ii,Q,P,0.9285714285714286,0.011764705882352941
542,hn13c_ii/ch3cn_ii,Q,U,0.6071428571428571,0.027995121493573506
543,hn13c_ii/ch3cn_ii,A,C,0.2988505747126437,0.9209677419354837
544,hn13c_ii/ch3cn_ii,A,H,0.25517241379310346,0.4490963605934301
545,hn13c_ii/ch3cn_ii,A,P,0.5172413793103449,0.36491935483870974
546,hn13c_ii/ch3cn_ii,A,U,0.3146551724137931,0.4597717261853885
547,hn13c_ii/ch3cn_ii,C,H,0.3333333333333333,0.9215686274509802
548,hn13c_ii/ch3cn_ii,C,P,0.6666666666666666,0.6
549,hn13c_ii/ch3cn_ii,C,U,0.5416666666666666,0.4242424242424242
550,hn13c_ii/ch3cn_ii,H,P,0.4,0.7352941176470588
551,hn13c_ii/ch3cn_ii,H,U,0.20833333333333334,0.9393511096970514
552,hn13c_ii/ch3cn_ii,P,U,0.375,0.8363636363636363
553,hn13c_ii/hc3n_ii,Q,A,0.32152274225444955,0.0018632600883980676
554,hn13c_ii/hc3n_ii,Q,C,0.2967479674796748,0.3120790322500104
555,hn13c_ii/hc3n_ii,Q,H,0.3503711558854719,0.0008151023906321709
556,hn13c_ii/hc3n_ii,Q,P,0.4321646341463415,0.001482562742234671
557,hn13c_ii/hc3n_ii,Q,U,0.2749445676274945,0.1016902243675095
558,hn13c_ii/hc3n_ii,A,C,0.13963963963963963,0.9616032015655873
559,hn13c_ii/hc3n_ii,A,H,0.08260869565217391,0.72774984720611
560,hn13c_ii/hc3n_ii,A,P,0.18243243243243243,0.30380869413968536
561,hn13c_ii/hc3n_ii,A,U,0.2244062244062244,0.11032837079775476
562,hn13c_ii/hc3n_ii,C,H,0.15797101449275364,0.9056985815483126
563,hn13c_ii/hc3n_ii,C,P,0.25,0.5724605908467854
564,hn13c_ii/hc3n_ii,C,U,0.25757575757575757,0.5177716637710422
565,hn13c_ii/hc3n_ii,H,P,0.24565217391304348,0.08037619892417557
566,hn13c_ii/hc3n_ii,H,U,0.22424242424242424,0.1250173464749987
567,hn13c_ii/hc3n_ii,P,U,0.3560606060606061,0.0219979224081344
568,hn13c_ii/c2h_ii,Q,A,0.13301642178046671,0.33233532292459045
569,hn13c_ii/c2h_ii,Q,C,0.2153846153846154,0.5549041951691521
570,hn13c_ii/c2h_ii,Q,H,0.27802197802197803,0.001980011478781762
571,hn13c_ii/c2h_ii,Q,P,0.4681912681912682,3.3017505360314955e-05
572,hn13c_ii/c2h_ii,Q,U,0.31076923076923074,0.006369611000690402
573,hn13c_ii/c2h_ii,A,C,0.32471910112359553,0.08427872939644312
574,hn13c_ii/c2h_ii,A,H,0.364633493846977,2.9832000782363915e-09
575,hn13c_ii/c2h_ii,A,P,0.5197388399635591,3.7960321043660416e-08
576,hn13c_ii/c2h_ii,A,U,0.3442696629213483,0.00012513273697521208
577,hn13c_ii/c2h_ii,C,H,0.2968253968253968,0.15233239891297248
578,hn13c_ii/c2h_ii,C,P,0.42162162162162165,0.03207112711212451
579,hn13c_ii/c2h_ii,C,U,0.28,0.27513990735582305
580,hn13c_ii/c2h_ii,H,P,0.30416130416130416,0.0076029688807140155
581,hn13c_ii/c2h_ii,H,U,0.16634920634920636,0.24065104301271162
582,hn13c_ii/c2h_ii,P,U,0.22,0.21089350390708117
583,hn13c_ii/sio_ii,Q,A,0.38906926406926406,0.00528277336396576
584,hn13c_ii/sio_ii,Q,C,0.5,0.14863205759757486
585,hn13c_ii/sio_ii,Q,H,0.6192528735632183,3.028181828847373e-05
586,hn13c_ii/sio_ii,Q,P,0.625,0.016846828860177025
587,hn13c_ii/sio_ii,Q,U,0.47619047619047616,0.023889232906820386
588,hn13c_ii/sio_ii,A,C,0.3246753246753247,0.5028918379852216
589,hn13c_ii/sio_ii,A,H,0.2431706224809673,0.13824268082918667
590,hn13c_ii/sio_ii,A,P,0.33766233766233766,0.3894930061395864
591,hn13c_ii/sio_ii,A,U,0.22077922077922077,0.5472424422137867
592,hn13c_ii/sio_ii,C,H,0.3275862068965517,0.5415855491756821
593,hn13c_ii/sio_ii,C,P,0.42857142857142855,0.4335664335664336
594,hn13c_ii/sio_ii,C,U,0.35714285714285715,0.5639834881320949
595,hn13c_ii/sio_ii,H,P,0.29064039408866993,0.6305057213501236
596,hn13c_ii/sio_ii,H,U,0.2881773399014778,0.3489226828014539
597,hn13c_ii/sio_ii,P,U,0.35714285714285715,0.5698572411420708
598,hn13c_ii/h41a_ii,Q,A,0.6,1.0
599,hn13c_ii/h41a_ii,Q,C,1.0,1.0
600,hn13c_ii/h41a_ii,Q,H,0.8,0.6666666666666666
601,hn13c_ii/h41a_ii,Q,P,1.0,1.0
602,hn13c_ii/h41a_ii,A,C,1.0,0.3333333333333333
603,hn13c_ii/h41a_ii,A,H,0.6,0.35714285714285715
604,hn13c_ii/h41a_ii,A,P,0.8,0.6666666666666666
605,hn13c_ii/h41a_ii,C,H,0.6,1.0
606,hn13c_ii/h41a_ii,C,P,1.0,1.0
607,hn13c_ii/h41a_ii,H,P,0.8,0.6666666666666666
608,13cs_ii/hcop_ii,Q,A,0.42045454545454547,0.0603165085232358
609,13cs_ii/hcop_ii,Q,C,0.5454545454545454,0.15562378797672918
610,13cs_ii/hcop_ii,Q,H,0.4150197628458498,0.05450234356280015
611,13cs_ii/hcop_ii,Q,P,0.30735930735930733,0.39738066760664326
612,13cs_ii/hcop_ii,Q,U,0.2097902097902098,0.8935638328557971
613,13cs_ii/hcop_ii,A,C,0.25,0.8443968588886933
614,13cs_ii/hcop_ii,A,H,0.1403985507246377,0.5737491631570201
615,13cs_ii/hcop_ii,A,P,0.29464285714285715,0.12706509534975557
616,13cs_ii/hcop_ii,A,U,0.45032051282051283,0.020790091235438103
617,13cs_ii/hcop_ii,C,H,0.30434782608695654,0.5950638099856701
618,13cs_ii/hcop_ii,C,P,0.5238095238095238,0.11445559271646227
619,13cs_ii/hcop_ii,C,U,0.5384615384615384,0.11506707946336428
620,13cs_ii/hcop_ii,H,P,0.2194616977225673,0.36071000613376325
621,13cs_ii/hcop_ii,H,U,0.39687848383500557,0.04646676266458897
622,13cs_ii/hcop_ii,P,U,0.32234432234432236,0.29667772849817975
623,13cs_ii/hnc_ii,Q,A,0.5844155844155844,0.0019988160185245196
624,13cs_ii/hnc_ii,Q,C,0.7272727272727273,0.011060834590246352
625,13cs_ii/hnc_ii,Q,H,0.5823451910408433,0.001477171212938724
626,13cs_ii/hnc_ii,Q,P,0.4935064935064935,0.03500458207620756
627,13cs_ii/hnc_ii,Q,U,0.512987012987013,0.05123076232781442
628,13cs_ii/hnc_ii,A,C,0.2857142857142857,0.6329252397620875
629,13cs_ii/hnc_ii,A,H,0.2295178941141674,0.08047417003066967
630,13cs_ii/hnc_ii,A,P,0.40816326530612246,0.010678489358396555
631,13cs_ii/hnc_ii,A,U,0.5510204081632653,0.0014801571993705827
632,13cs_ii/hnc_ii,C,H,0.46790890269151136,0.0849408143685995
633,13cs_ii/hnc_ii,C,P,0.6190476190476191,0.025625823451910414
634,13cs_ii/hnc_ii,C,U,0.7142857142857143,0.01178190574475404
635,13cs_ii/hnc_ii,H,P,0.2111801242236025,0.4074496340215656
636,13cs_ii/hnc_ii,H,U,0.4803312629399586,0.005883893885012831
637,13cs_ii/hnc_ii,P,U,0.3333333333333333,0.2686234991870979
638,13cs_ii/h13cop_ii,Q,A,0.23369565217391305,0.7683159616425255
639,13cs_ii/h13cop_ii,Q,C,0.625,0.2222222222222222
640,13cs_ii/h13cop_ii,Q,H,0.2916666666666667,0.4845784039234435
641,13cs_ii/h13cop_ii,Q,P,0.21052631578947367,0.9130069930069932
642,13cs_ii/h13cop_ii,Q,U,0.4027777777777778,0.406993006993007
643,13cs_ii/h13cop_ii,A,C,0.5652173913043478,0.12953538862353456
644,13cs_ii/h13cop_ii,A,H,0.11001317523056653,0.8518148057054687
645,13cs_ii/h13cop_ii,A,P,0.18764302059496568,0.6505697778754841
646,13cs_ii/h13cop_ii,A,U,0.21739130434782608,0.7839497960025982
647,13cs_ii/h13cop_ii,C,H,0.5151515151515151,0.18900528413831452
648,13cs_ii/h13cop_ii,C,P,0.631578947368421,0.10163749294184078
649,13cs_ii/h13cop_ii,C,U,0.5555555555555556,0.2517482517482518
650,13cs_ii/h13cop_ii,H,P,0.24561403508771928,0.27908005530625085
651,13cs_ii/h13cop_ii,H,U,0.20202020202020202,0.840489340049722
652,13cs_ii/h13cop_ii,P,U,0.3567251461988304,0.3263333767681594
653,13cs_ii/hn13c_ii,Q,A,0.675,0.0022277891643193307
654,13cs_ii/hn13c_ii,Q,C,1.0,0.012121212121212121
655,13cs_ii/hn13c_ii,Q,H,0.7019230769230769,0.0007343753192943285
656,13cs_ii/hn13c_ii,Q,P,0.7416666666666667,0.0028022858821082
657,13cs_ii/hn13c_ii,Q,U,0.75,0.018648018648018645
658,13cs_ii/hn13c_ii,A,C,0.775,0.035653512681306204
659,13cs_ii/hn13c_ii,A,H,0.21923076923076923,0.1922250926197825
660,13cs_ii/hn13c_ii,A,P,0.225,0.5690018490680032
661,13cs_ii/hn13c_ii,A,U,0.35,0.3401746342008269
662,13cs_ii/hn13c_ii,C,H,0.8653846153846154,0.009148084619782736
663,13cs_ii/hn13c_ii,C,P,0.8,0.049019607843137254
664,13cs_ii/hn13c_ii,C,U,1.0,0.012121212121212121
665,13cs_ii/hn13c_ii,H,P,0.2423076923076923,0.42889106258710064
666,13cs_ii/hn13c_ii,H,U,0.28846153846153844,0.5304653374697259
667,13cs_ii/hn13c_ii,P,U,0.2833333333333333,0.6913916388273637
668,13cs_ii/hnco404_ii,Q,A,0.9411764705882353,4.622887918082427e-05
669,13cs_ii/hnco404_ii,Q,C,1.0,0.25
670,13cs_ii/hnco404_ii,Q,H,1.0,5.778609897603034e-06
671,13cs_ii/hnco404_ii,Q,P,1.0,0.05555555555555555
672,13cs_ii/hnco404_ii,Q,U,0.8333333333333334,0.01515151515151515
673,13cs_ii/hnco404_ii,A,C,0.8823529411764706,0.3333333333333333
674,13cs_ii/hnco404_ii,A,H,0.4117647058823529,0.11237727674551706
675,13cs_ii/hnco404_ii,A,P,0.47058823529411764,0.7134502923976607
676,13cs_ii/hnco404_ii,A,U,0.38235294117647056,0.4052225425223138
677,13cs_ii/hnco404_ii,C,H,0.8823529411764706,0.3333333333333333
678,13cs_ii/hnco404_ii,C,P,1.0,0.6666666666666666
679,13cs_ii/hnco404_ii,C,U,1.0,0.2857142857142857
680,13cs_ii/hnco404_ii,H,P,0.5882352941176471,0.42105263157894735
681,13cs_ii/hnco404_ii,H,U,0.5,0.13711155358752614
682,13cs_ii/hnco404_ii,P,U,0.5,0.8571428571428572
683,13cs_ii/ch3cn_ii,Q,A,0.95,0.0002258610954263128
684,13cs_ii/ch3cn_ii,Q,C,1.0,0.09523809523809523
685,13cs_ii/ch3cn_ii,Q,H,1.0,0.0001719986240110079
686,13cs_ii/ch3cn_ii,Q,P,1.0,0.03571428571428571
687,13cs_ii/ch3cn_ii,Q,U,1.0,0.015873015873015872
688,13cs_ii/ch3cn_ii,A,C,0.5,0.6493506493506493
689,13cs_ii/ch3cn_ii,A,H,0.15714285714285714,0.9619758920493754
690,13cs_ii/ch3cn_ii,A,P,0.35,0.8063241106719367
691,13cs_ii/ch3cn_ii,A,U,0.35,0.7494824016563149
692,13cs_ii/ch3cn_ii,C,H,0.42857142857142855,0.8666666666666667
693,13cs_ii/ch3cn_ii,C,P,0.5,0.9
694,13cs_ii/ch3cn_ii,C,U,0.5,0.9333333333333332
695,13cs_ii/ch3cn_ii,H,P,0.35714285714285715,0.8161764705882353
696,13cs_ii/ch3cn_ii,H,U,0.35714285714285715,0.7496732026143791
697,13cs_ii/ch3cn_ii,P,U,0.3333333333333333,0.9714285714285715
698,13cs_ii/hc3n_ii,Q,A,0.644927536231884,0.0017115762599504076
699,13cs_ii/hc3n_ii,Q,C,0.7777777777777778,0.04195804195804195
700,13cs_ii/hc3n_ii,Q,H,0.6666666666666666,0.0006099362935984686
701,13cs_ii/hc3n_ii,Q,P,0.7301587301587301,0.0008367844050002972
702,13cs_ii/hc3n_ii,Q,U,0.5757575757575758,0.05010716837342224
703,13cs_ii/hc3n_ii,A,C,0.5434782608695652,0.15762049500651323
704,13cs_ii/hc3n_ii,A,H,0.2391304347826087,0.0758212560458205
705,13cs_ii/hc3n_ii,A,P,0.3219461697722567,0.07746623521521864
706,13cs_ii/hc3n_ii,A,U,0.2075098814229249,0.7631450941873548
707,13cs_ii/hc3n_ii,C,H,0.3333333333333333,0.687963396819272
708,13cs_ii/hc3n_ii,C,P,0.3333333333333333,0.7386561264822135
709,13cs_ii/hc3n_ii,C,U,0.45454545454545453,0.4937728937728937
710,13cs_ii/hc3n_ii,H,P,0.13457556935817805,0.8884197598441254
711,13cs_ii/hc3n_ii,H,U,0.28063241106719367,0.36947079796638893
712,13cs_ii/hc3n_ii,P,U,0.3593073593073593,0.22097877860077408
713,13cs_ii/c2h_ii,Q,A,0.7584541062801933,8.61442852611058e-05
714,13cs_ii/c2h_ii,Q,C,0.8888888888888888,0.005994005994005993
715,13cs_ii/c2h_ii,Q,H,0.6535947712418301,0.0008661871622589444
716,13cs_ii/c2h_ii,Q,P,0.3333333333333333,0.41087679936255644
717,13cs_ii/c2h_ii,Q,U,0.30303030303030304,0.6364015241724219
718,13cs_ii/c2h_ii,A,C,0.30434782608695654,0.6954952193643414
719,13cs_ii/c2h_ii,A,H,0.2186700767263427,0.12080148209863852
720,13cs_ii/c2h_ii,A,P,0.5269151138716356,0.000334230010841862
721,13cs_ii/c2h_ii,A,U,0.6304347826086957,0.0006409432440801274
722,13cs_ii/c2h_ii,C,H,0.32941176470588235,0.585678387710952
723,13cs_ii/c2h_ii,C,P,0.7142857142857143,0.016327151109759803
724,13cs_ii/c2h_ii,C,U,0.7272727272727273,0.029304029304029304
725,13cs_ii/c2h_ii,H,P,0.4789915966386555,0.0006903546903321635
726,13cs_ii/c2h_ii,H,U,0.5561497326203209,0.0029161012755935032
727,13cs_ii/c2h_ii,P,U,0.2077922077922078,0.8369897712434105
728,13cs_ii/sio_ii,Q,A,0.8,0.0003125471674894012
729,13cs_ii/sio_ii,Q,C,0.8571428571428571,0.5
730,13cs_ii/sio_ii,Q,H,0.8571428571428571,0.00013753806857255132
731,13cs_ii/sio_ii,Q,P,0.6071428571428571,0.21212121212121218
732,13cs_ii/sio_ii,Q,U,0.5714285714285714,0.21212121212121213
733,13cs_ii/sio_ii,A,C,0.7428571428571429,0.5555555555555556
734,13cs_ii/sio_ii,A,H,0.2360248447204969,0.3569526112271352
735,13cs_ii/sio_ii,A,P,0.19285714285714287,0.9951368372421004
736,13cs_ii/sio_ii,A,U,0.34285714285714286,0.4439234336538573
737,13cs_ii/sio_ii,C,H,0.5652173913043478,0.9166666666666666
738,13cs_ii/sio_ii,C,P,0.75,0.8
739,13cs_ii/sio_ii,C,U,0.7142857142857143,0.75
740,13cs_ii/sio_ii,H,P,0.358695652173913,0.663019943019943
741,13cs_ii/sio_ii,H,U,0.42857142857142855,0.2035976029079477
742,13cs_ii/sio_ii,P,U,0.32142857142857145,0.8909090909090908
743,13cs_ii/h41a_ii,A,C,0.75,0.8
744,13cs_ii/h41a_ii,A,H,0.625,0.2222222222222222
745,13cs_ii/h41a_ii,C,H,0.625,0.8888888888888888
746,13c34s_ii/hcop_ii,A,H,1.0,0.2
747,13c34s_ii/hcop_ii,A,P,1.0,0.6666666666666666
748,13c34s_ii/hcop_ii,A,U,0.6666666666666666,0.6
749,13c34s_ii/hcop_ii,H,P,1.0,0.5
750,13c34s_ii/hcop_ii,H,U,0.6666666666666666,0.6
751,13c34s_ii/hcop_ii,P,U,0.6666666666666666,1.0
752,13c34s_ii/hnc_ii,A,H,1.0,0.2
753,13c34s_ii/hnc_ii,A,P,1.0,0.6666666666666666
754,13c34s_ii/hnc_ii,A,U,0.5,1.0
755,13c34s_ii/hnc_ii,H,P,1.0,0.5
756,13c34s_ii/hnc_ii,H,U,0.5,0.9
757,13c34s_ii/hnc_ii,P,U,0.5,1.0
758,13c34s_ii/h13cop_ii,A,H,1.0,0.3333333333333333
759,13c34s_ii/h13cop_ii,A,P,1.0,0.6666666666666666
760,13c34s_ii/h13cop_ii,H,P,1.0,0.6666666666666666
761,13c34s_ii/hn13c_ii,A,H,1.0,0.3333333333333333
762,13c34s_ii/hnco404_ii,A,U,1.0,1.0
763,13c34s_ii/hc3n_ii,A,H,1.0,0.3333333333333333
764,13c34s_ii/hc3n_ii,A,U,1.0,0.6666666666666666
765,13c34s_ii/hc3n_ii,H,U,1.0,0.6666666666666666
766,13c34s_ii/c2h_ii,A,H,1.0,0.2
767,13c34s_ii/c2h_ii,A,P,1.0,0.6666666666666666
768,13c34s_ii/c2h_ii,H,P,1.0,0.5
769,13c34s_ii/sio_ii,A,H,1.0,0.6666666666666666
770,13c34s_ii/sio_ii,A,U,1.0,0.6666666666666666
771,13c34s_ii/sio_ii,H,U,1.0,1.0
772,hc13ccn_ii/hcop_ii,Q,A,0.5,0.8571428571428572
773,hc13ccn_ii/hcop_ii,Q,C,0.6666666666666666,0.8571428571428571
774,hc13ccn_ii/hcop_ii,Q,U,0.8333333333333334,0.5714285714285714
775,hc13ccn_ii/hcop_ii,A,C,1.0,0.6666666666666666
776,hc13ccn_ii/hcop_ii,A,U,1.0,0.6666666666666666
777,hc13ccn_ii/hcop_ii,C,U,1.0,1.0
778,hc13ccn_ii/hnc_ii,Q,A,0.5,0.8571428571428572
779,hc13ccn_ii/hnc_ii,Q,C,0.6666666666666666,0.8571428571428571
780,hc13ccn_ii/hnc_ii,Q,U,0.6666666666666666,0.8571428571428571
781,hc13ccn_ii/hnc_ii,A,C,1.0,0.6666666666666666
782,hc13ccn_ii/hnc_ii,A,U,0.5,1.0
783,hc13ccn_ii/hnc_ii,C,U,1.0,1.0
784,hc13ccn_ii/h13cop_ii,Q,A,1.0,1.0
785,hc13ccn_ii/h13cop_ii,Q,C,1.0,1.0
786,hc13ccn_ii/h13cop_ii,A,C,1.0,1.0
787,hc13ccn_ii/hn13c_ii,Q,A,1.0,0.6666666666666666
788,hc13ccn_ii/hnco404_ii,Q,A,1.0,0.6666666666666666
789,hc13ccn_ii/hnco404_ii,Q,U,0.5,1.0
790,hc13ccn_ii/hnco404_ii,A,U,1.0,1.0
791,hc13ccn_ii/ch3cn_ii,Q,A,1.0,1.0
792,hc13ccn_ii/hc3n_ii,Q,A,0.5,1.0
793,hc13ccn_ii/hc3n_ii,Q,U,0.5,1.0
794,hc13ccn_ii/hc3n_ii,A,U,0.5,1.0
795,hc13ccn_ii/c2h_ii,Q,A,0.6666666666666666,0.6
796,hc13ccn_ii/c2h_ii,Q,U,0.6666666666666666,1.0
797,hc13ccn_ii/c2h_ii,A,U,1.0,0.6666666666666666
798,hc13ccn_ii/sio_ii,Q,A,0.5,1.0
799,hc13ccn_ii/sio_ii,Q,U,0.5,1.0
800,hc13ccn_ii/sio_ii,A,U,1.0,1.0
801,hc13ccn_ii/h41a_ii,Q,A,1.0,1.0
802,hnco404_ii/hcop_ii,Q,A,0.5184331797235023,1.2769464834209367e-08
803,hnco404_ii/hcop_ii,Q,C,0.5,0.017294393765375934
804,hnco404_ii/hcop_ii,Q,H,0.5467532467532468,5.782961163458179e-08
805,hnco404_ii/hcop_ii,Q,P,0.7746031746031746,1.9603169551567192e-05
806,hnco404_ii/hcop_ii,Q,U,0.16666666666666666,0.22267025737406512
807,hnco404_ii/hcop_ii,A,C,0.23870967741935484,0.6283738218028618
808,hnco404_ii/hcop_ii,A,H,0.13856304985337242,0.6423333132455257
809,hnco404_ii/hcop_ii,A,P,0.4050179211469534,0.11530408262545366
810,hnco404_ii/hcop_ii,A,U,0.38626964433416044,3.883702449103009e-05
811,hnco404_ii/hcop_ii,C,H,0.35454545454545455,0.20329907510232378
812,hnco404_ii/hcop_ii,C,P,0.4888888888888889,0.13534607807053628
813,hnco404_ii/hcop_ii,C,U,0.38974358974358975,0.10089606666252093
814,hnco404_ii/hcop_ii,H,P,0.3207070707070707,0.35213372677768795
815,hnco404_ii/hcop_ii,H,U,0.44638694638694637,1.3690526200460511e-05
816,hnco404_ii/hcop_ii,P,U,0.6837606837606838,0.00033089841428141575
817,hnco404_ii/hnc_ii,Q,A,0.7464049747376603,8.393059665989287e-20
818,hnco404_ii/hnc_ii,Q,C,0.6156626506024097,0.0009005355172237839
819,hnco404_ii/hnc_ii,Q,H,0.6883899233296824,1.1970716155935663e-13
820,hnco404_ii/hnc_ii,Q,P,0.8795180722891566,2.128356225489555e-07
821,hnco404_ii/hnc_ii,Q,U,0.20526550647032574,0.052307604613695324
822,hnco404_ii/hnc_ii,A,C,0.21935483870967742,0.7263429218543691
823,hnco404_ii/hnc_ii,A,H,0.18621700879765396,0.288775640047136
824,hnco404_ii/hnc_ii,A,P,0.26344086021505375,0.5546250932998932
825,hnco404_ii/hnc_ii,A,U,0.6164874551971327,5.060183485275846e-13
826,hnco404_ii/hnc_ii,C,H,0.3090909090909091,0.34502643215626316
827,hnco404_ii/hnc_ii,C,P,0.3,0.6374786204507567
828,hnco404_ii/hnc_ii,C,U,0.5024691358024691,0.014248565553385141
829,hnco404_ii/hnc_ii,H,P,0.25252525252525254,0.6400766398053821
830,hnco404_ii/hnc_ii,H,U,0.5628507295173962,6.940888780367784e-09
831,hnco404_ii/hnc_ii,P,U,0.7530864197530864,4.166596621902704e-05
832,hnco404_ii/h13cop_ii,Q,A,0.7734553775743707,1.9760484826631455e-10
833,hnco404_ii/h13cop_ii,Q,C,0.8695652173913043,0.00035366931918656057
834,hnco404_ii/h13cop_ii,Q,H,0.8695652173913043,4.378383740711524e-11
835,hnco404_ii/h13cop_ii,Q,P,0.9130434782608695,3.536693191865605e-05
836,hnco404_ii/h13cop_ii,Q,U,0.7391304347826086,6.435722231050373e-05
837,hnco404_ii/h13cop_ii,A,C,0.5877192982456141,0.027476189342929606
838,hnco404_ii/h13cop_ii,A,H,0.18475877192982457,0.4213893110397896
839,hnco404_ii/h13cop_ii,A,P,0.3483709273182957,0.3485563396261247
840,hnco404_ii/h13cop_ii,A,U,0.3630229419703104,0.09200281762325417
841,hnco404_ii/h13cop_ii,C,H,0.7083333333333334,0.005725398914253404
842,hnco404_ii/h13cop_ii,C,P,0.8333333333333334,0.01515151515151515
843,hnco404_ii/h13cop_ii,C,U,0.5384615384615384,0.11506707946336428
844,hnco404_ii/h13cop_ii,H,P,0.32589285714285715,0.4711180469694402
845,hnco404_ii/h13cop_ii,H,U,0.35336538461538464,0.14499172610750644
846,hnco404_ii/h13cop_ii,P,U,0.5384615384615384,0.11127450980392158
847,hnco404_ii/hn13c_ii,Q,A,0.8745819397993311,2.4533636050775555e-13
848,hnco404_ii/hn13c_ii,Q,C,0.9130434782608695,0.00011788977306218687
849,hnco404_ii/hn13c_ii,Q,H,0.9130434782608695,7.515508601470285e-12
850,hnco404_ii/hn13c_ii,Q,P,0.9130434782608695,3.536693191865605e-05
851,hnco404_ii/hn13c_ii,Q,U,0.47554347826086957,0.017630223454376193
852,hnco404_ii/hn13c_ii,A,C,0.20512820512820512,0.9398701550706481
853,hnco404_ii/hn13c_ii,A,H,0.30238726790450926,0.04996972683783878
854,hnco404_ii/hn13c_ii,A,P,0.21153846153846154,0.8915498898391878
855,hnco404_ii/hn13c_ii,A,U,0.39903846153846156,0.029416323747200282
856,hnco404_ii/hn13c_ii,C,H,0.3793103448275862,0.3883412602577687
857,hnco404_ii/hn13c_ii,C,P,0.2857142857142857,0.8717948717948717
858,hnco404_ii/hn13c_ii,C,U,0.4375,0.3045045769503974
859,hnco404_ii/hn13c_ii,H,P,0.3793103448275862,0.29491116094531655
860,hnco404_ii/hn13c_ii,H,U,0.46551724137931033,0.014434059401919962
861,hnco404_ii/hn13c_ii,P,U,0.5,0.12620891918240149
862,hnco404_ii/13cs_ii,Q,A,0.9411764705882353,4.622887918082427e-05
863,hnco404_ii/13cs_ii,Q,C,1.0,0.25
864,hnco404_ii/13cs_ii,Q,H,1.0,5.778609897603034e-06
865,hnco404_ii/13cs_ii,Q,P,1.0,0.05555555555555555
866,hnco404_ii/13cs_ii,Q,U,0.8333333333333334,0.01515151515151515
867,hnco404_ii/13cs_ii,A,C,0.8823529411764706,0.3333333333333333
868,hnco404_ii/13cs_ii,A,H,0.4117647058823529,0.11237727674551706
869,hnco404_ii/13cs_ii,A,P,0.47058823529411764,0.7134502923976607
870,hnco404_ii/13cs_ii,A,U,0.38235294117647056,0.4052225425223138
871,hnco404_ii/13cs_ii,C,H,0.8823529411764706,0.3333333333333333
872,hnco404_ii/13cs_ii,C,P,1.0,0.6666666666666666
873,hnco404_ii/13cs_ii,C,U,1.0,0.2857142857142857
874,hnco404_ii/13cs_ii,H,P,0.5882352941176471,0.42105263157894735
875,hnco404_ii/13cs_ii,H,U,0.5,0.13711155358752614
876,hnco404_ii/13cs_ii,P,U,0.5,0.8571428571428572
877,hnco404_ii/13c34s_ii,A,U,1.0,1.0
878,hnco404_ii/hc13ccn_ii,Q,A,1.0,0.6666666666666666
879,hnco404_ii/hc13ccn_ii,Q,U,0.5,1.0
880,hnco404_ii/hc13ccn_ii,A,U,1.0,1.0
881,hnco404_ii/ch3cn_ii,Q,A,0.7953964194373402,1.2299456125929984e-06
882,hnco404_ii/ch3cn_ii,Q,C,1.0,0.006666666666666667
883,hnco404_ii/ch3cn_ii,Q,H,1.0,6.990617472852635e-09
884,hnco404_ii/ch3cn_ii,Q,P,1.0,0.08333333333333333
885,hnco404_ii/ch3cn_ii,Q,U,0.5555555555555556,0.02266777901371895
886,hnco404_ii/ch3cn_ii,A,C,0.4411764705882353,0.7894736842105261
887,hnco404_ii/ch3cn_ii,A,H,0.35294117647058826,0.2842337169568291
888,hnco404_ii/ch3cn_ii,A,P,0.6470588235294118,0.7777777777777778
889,hnco404_ii/ch3cn_ii,A,U,0.43137254901960786,0.16101902673985052
890,hnco404_ii/ch3cn_ii,C,H,0.5,0.6794871794871794
891,hnco404_ii/ch3cn_ii,C,P,1.0,0.6666666666666666
892,hnco404_ii/ch3cn_ii,C,U,0.6666666666666666,0.36363636363636365
893,hnco404_ii/ch3cn_ii,H,P,1.0,0.16666666666666666
894,hnco404_ii/ch3cn_ii,H,U,0.6666666666666666,0.013574660633484162
895,hnco404_ii/ch3cn_ii,P,U,0.6666666666666666,0.8
896,hnco404_ii/hc3n_ii,Q,A,0.7288135593220338,1.912195974690739e-15
897,hnco404_ii/hc3n_ii,Q,C,0.9491525423728814,2.0339258837407973e-06
898,hnco404_ii/hc3n_ii,Q,H,0.7205811138014527,1.3910924972240697e-11
899,hnco404_ii/hc3n_ii,Q,P,0.8163841807909604,0.00020101967484304877
900,hnco404_ii/hc3n_ii,Q,U,0.26417299824663937,0.02736291237028612
901,hnco404_ii/hc3n_ii,A,C,0.4604519774011299,0.1437848067673557
902,hnco404_ii/hc3n_ii,A,H,0.14576271186440679,0.6701077232686661
903,hnco404_ii/hc3n_ii,A,P,0.2740112994350282,0.7181532606737526
904,hnco404_ii/hc3n_ii,A,U,0.5888369374634717,7.936278975799602e-10
905,hnco404_ii/hc3n_ii,C,H,0.5476190476190477,0.06050367539456117
906,hnco404_ii/hc3n_ii,C,P,0.6666666666666666,0.14285714285714285
907,hnco404_ii/hc3n_ii,C,U,0.7586206896551724,0.0011818439069736474
908,hnco404_ii/hc3n_ii,H,P,0.2571428571428571,0.8148233648875497
909,hnco404_ii/hc3n_ii,H,U,0.6152709359605911,2.9909724050450856e-08
910,hnco404_ii/hc3n_ii,P,U,0.6954022988505747,0.004100441366841532
911,hnco404_ii/c2h_ii,Q,A,0.7895357985837923,8.587706200757626e-16
912,hnco404_ii/c2h_ii,Q,C,0.9024390243902439,3.9114984363785e-05
913,hnco404_ii/c2h_ii,Q,H,0.8191056910569106,2.0407090819457515e-13
914,hnco404_ii/c2h_ii,Q,P,0.926829268292683,3.2595820303154168e-06
915,hnco404_ii/c2h_ii,Q,U,0.3318551367331855,0.02591671290709507
916,hnco404_ii/c2h_ii,A,C,0.3118279569892473,0.5571884948531128
917,hnco404_ii/c2h_ii,A,H,0.3673835125448029,0.0029216524246749973
918,hnco404_ii/c2h_ii,A,P,0.7442396313364056,0.0004656532407801638
919,hnco404_ii/c2h_ii,A,U,0.509286412512219,1.2132887212977137e-05
920,hnco404_ii/c2h_ii,C,H,0.5555555555555556,0.060152282231871454
921,hnco404_ii/c2h_ii,C,P,0.8333333333333334,0.01515151515151515
922,hnco404_ii/c2h_ii,C,U,0.6060606060606061,0.02937636374168882
923,hnco404_ii/c2h_ii,H,P,0.5515873015873016,0.03572150967440097
924,hnco404_ii/c2h_ii,H,U,0.553030303030303,2.1024382870017717e-05
925,hnco404_ii/c2h_ii,P,U,0.696969696969697,0.003268152648957603
926,hnco404_ii/sio_ii,Q,A,0.6130952380952381,6.384096320261746e-09
927,hnco404_ii/sio_ii,Q,C,0.6904761904761905,0.0049171592542269415
928,hnco404_ii/sio_ii,Q,H,0.6964285714285714,1.1661701337600167e-07
929,hnco404_ii/sio_ii,Q,P,0.8035714285714286,0.005598449660094129
930,hnco404_ii/sio_ii,Q,U,0.2123015873015873,0.17458806458677859
931,hnco404_ii/sio_ii,A,C,0.35714285714285715,0.44308932754170804
932,hnco404_ii/sio_ii,A,H,0.2857142857142857,0.1922885284397026
933,hnco404_ii/sio_ii,A,P,0.38095238095238093,0.5673560682660784
934,hnco404_ii/sio_ii,A,U,0.47619047619047616,4.965146360899788e-05
935,hnco404_ii/sio_ii,C,H,0.38095238095238093,0.4228167967298401
936,hnco404_ii/sio_ii,C,P,0.4166666666666667,0.6952380952380952
937,hnco404_ii/sio_ii,C,U,0.5888888888888889,0.030248213994200825
938,hnco404_ii/sio_ii,H,P,0.2857142857142857,0.8633992094861661
939,hnco404_ii/sio_ii,H,U,0.546031746031746,0.00017685180182703555
940,hnco404_ii/sio_ii,P,U,0.6666666666666666,0.04225112801827485
941,ch3cn_ii/hcop_ii,Q,A,0.24074074074074073,0.2925755456958401
942,ch3cn_ii/hcop_ii,Q,C,0.4444444444444444,0.5625615763546798
943,ch3cn_ii/hcop_ii,Q,H,0.2982456140350877,0.21780272662554886
944,ch3cn_ii/hcop_ii,Q,P,0.3425925925925926,0.7012553631018591
945,ch3cn_ii/hcop_ii,Q,U,0.42592592592592593,0.07299244710868222
946,ch3cn_ii/hcop_ii,A,C,0.4722222222222222,0.4698544698544697
947,ch3cn_ii/hcop_ii,A,H,0.24561403508771928,0.37090389284672964
948,ch3cn_ii/hcop_ii,A,P,0.3611111111111111,0.6561987088302879
949,ch3cn_ii/hcop_ii,A,U,0.3888888888888889,0.11513150430463281
950,ch3cn_ii/hcop_ii,C,H,0.3508771929824561,0.8090909090909091
951,ch3cn_ii/hcop_ii,C,P,0.3333333333333333,0.9714285714285715
952,ch3cn_ii/hcop_ii,C,U,0.25,0.9978021978021978
953,ch3cn_ii/hcop_ii,H,P,0.25,0.9548277809147375
954,ch3cn_ii/hcop_ii,H,U,0.23684210526315788,0.6995821125240288
955,ch3cn_ii/hcop_ii,P,U,0.16666666666666666,1.0
956,ch3cn_ii/hnc_ii,Q,A,0.16666666666666666,0.7333008643687404
957,ch3cn_ii/hnc_ii,Q,C,0.4074074074074074,0.6586206896551725
958,ch3cn_ii/hnc_ii,Q,H,0.2982456140350877,0.21780272662554886
959,ch3cn_ii/hnc_ii,Q,P,0.37962962962962965,0.5846496106785318
960,ch3cn_ii/hnc_ii,Q,U,0.30952380952380953,0.26913981872777776
961,ch3cn_ii/hnc_ii,A,C,0.4444444444444444,0.5413064886749098
962,ch3cn_ii/hnc_ii,A,H,0.27631578947368424,0.2455942307999277
963,ch3cn_ii/hnc_ii,A,P,0.3888888888888889,0.5666921982711457
964,ch3cn_ii/hnc_ii,A,U,0.30158730158730157,0.2600789610993051
965,ch3cn_ii/hnc_ii,C,H,0.3333333333333333,0.8597402597402596
966,ch3cn_ii/hnc_ii,C,P,0.25,1.0
967,ch3cn_ii/hnc_ii,C,U,0.2619047619047619,0.9823529411764708
968,ch3cn_ii/hnc_ii,H,P,0.2894736842105263,0.8577075098814227
969,ch3cn_ii/hnc_ii,H,U,0.2518796992481203,0.590186106848824
970,ch3cn_ii/hnc_ii,P,U,0.25,0.9735294117647059
971,ch3cn_ii/h13cop_ii,Q,A,0.6946386946386947,8.000779764361752e-05
972,ch3cn_ii/h13cop_ii,Q,C,0.5128205128205128,0.44999999999999996
973,ch3cn_ii/h13cop_ii,Q,H,0.7285067873303167,0.0002850704973327872
974,ch3cn_ii/h13cop_ii,Q,P,0.9230769230769231,0.014285714285714285
975,ch3cn_ii/h13cop_ii,Q,U,0.5897435897435898,0.08624502432551968
976,ch3cn_ii/h13cop_ii,A,C,0.5151515151515151,0.3714285714285714
977,ch3cn_ii/h13cop_ii,A,H,0.2192513368983957,0.5715056718450213
978,ch3cn_ii/h13cop_ii,A,P,0.5757575757575758,0.24369747899159655
979,ch3cn_ii/h13cop_ii,A,U,0.2727272727272727,0.7763780859756093
980,ch3cn_ii/h13cop_ii,C,H,0.5490196078431373,0.3157894736842105
981,ch3cn_ii/h13cop_ii,C,P,0.6666666666666666,0.6
982,ch3cn_ii/h13cop_ii,C,U,0.3333333333333333,0.988095238095238
983,ch3cn_ii/h13cop_ii,H,P,0.49019607843137253,0.4473684210526315
984,ch3cn_ii/h13cop_ii,H,U,0.3333333333333333,0.5759656057138894
985,ch3cn_ii/h13cop_ii,P,U,0.5,0.6785714285714285
986,ch3cn_ii/hn13c_ii,Q,A,0.4458128078817734,0.027763065087943198
987,ch3cn_ii/hn13c_ii,Q,C,0.3333333333333333,0.8823529411764707
988,ch3cn_ii/hn13c_ii,Q,H,0.5952380952380952,0.00494033169173927
989,ch3cn_ii/hn13c_ii,Q,P,0.9285714285714286,0.011764705882352941
990,ch3cn_ii/hn13c_ii,Q,U,0.6071428571428571,0.027995121493573506
991,ch3cn_ii/hn13c_ii,A,C,0.2988505747126437,0.9209677419354837
992,ch3cn_ii/hn13c_ii,A,H,0.25517241379310346,0.4490963605934301
993,ch3cn_ii/hn13c_ii,A,P,0.5172413793103449,0.36491935483870974
994,ch3cn_ii/hn13c_ii,A,U,0.3146551724137931,0.4597717261853885
995,ch3cn_ii/hn13c_ii,C,H,0.3333333333333333,0.9215686274509802
996,ch3cn_ii/hn13c_ii,C,P,0.6666666666666666,0.6
997,ch3cn_ii/hn13c_ii,C,U,0.5416666666666666,0.4242424242424242
998,ch3cn_ii/hn13c_ii,H,P,0.4,0.7352941176470588
999,ch3cn_ii/hn13c_ii,H,U,0.20833333333333334,0.9393511096970514
1000,ch3cn_ii/hn13c_ii,P,U,0.375,0.8363636363636363
1001,ch3cn_ii/13cs_ii,Q,A,0.95,0.0002258610954263128
1002,ch3cn_ii/13cs_ii,Q,C,1.0,0.09523809523809523
1003,ch3cn_ii/13cs_ii,Q,H,1.0,0.0001719986240110079
1004,ch3cn_ii/13cs_ii,Q,P,1.0,0.03571428571428571
1005,ch3cn_ii/13cs_ii,Q,U,1.0,0.015873015873015872
1006,ch3cn_ii/13cs_ii,A,C,0.5,0.6493506493506493
1007,ch3cn_ii/13cs_ii,A,H,0.15714285714285714,0.9619758920493754
1008,ch3cn_ii/13cs_ii,A,P,0.35,0.8063241106719367
1009,ch3cn_ii/13cs_ii,A,U,0.35,0.7494824016563149
1010,ch3cn_ii/13cs_ii,C,H,0.42857142857142855,0.8666666666666667
1011,ch3cn_ii/13cs_ii,C,P,0.5,0.9
1012,ch3cn_ii/13cs_ii,C,U,0.5,0.9333333333333332
1013,ch3cn_ii/13cs_ii,H,P,0.35714285714285715,0.8161764705882353
1014,ch3cn_ii/13cs_ii,H,U,0.35714285714285715,0.7496732026143791
1015,ch3cn_ii/13cs_ii,P,U,0.3333333333333333,0.9714285714285715
1016,ch3cn_ii/hc13ccn_ii,Q,A,1.0,1.0
1017,ch3cn_ii/hnco404_ii,Q,A,0.7953964194373402,1.2299456125929984e-06
1018,ch3cn_ii/hnco404_ii,Q,C,1.0,0.006666666666666667
1019,ch3cn_ii/hnco404_ii,Q,H,1.0,6.990617472852635e-09
1020,ch3cn_ii/hnco404_ii,Q,P,1.0,0.08333333333333333
1021,ch3cn_ii/hnco404_ii,Q,U,0.5555555555555556,0.02266777901371895
1022,ch3cn_ii/hnco404_ii,A,C,0.4411764705882353,0.7894736842105261
1023,ch3cn_ii/hnco404_ii,A,H,0.35294117647058826,0.2842337169568291
1024,ch3cn_ii/hnco404_ii,A,P,0.6470588235294118,0.7777777777777778
1025,ch3cn_ii/hnco404_ii,A,U,0.43137254901960786,0.16101902673985052
1026,ch3cn_ii/hnco404_ii,C,H,0.5,0.6794871794871794
1027,ch3cn_ii/hnco404_ii,C,P,1.0,0.6666666666666666
1028,ch3cn_ii/hnco404_ii,C,U,0.6666666666666666,0.36363636363636365
1029,ch3cn_ii/hnco404_ii,H,P,1.0,0.16666666666666666
1030,ch3cn_ii/hnco404_ii,H,U,0.6666666666666666,0.013574660633484162
1031,ch3cn_ii/hnco404_ii,P,U,0.6666666666666666,0.8
1032,ch3cn_ii/hc3n_ii,Q,A,0.27515151515151515,0.18885250250110347
1033,ch3cn_ii/hc3n_ii,Q,C,0.6266666666666667,0.16361416361416364
1034,ch3cn_ii/hc3n_ii,Q,H,0.22666666666666666,0.650607200698117
1035,ch3cn_ii/hc3n_ii,Q,P,0.4,0.6520146520146518
1036,ch3cn_ii/hc3n_ii,Q,U,0.31636363636363635,0.3501836907909015
1037,ch3cn_ii/hc3n_ii,A,C,0.48484848484848486,0.44425770308123247
1038,ch3cn_ii/hc3n_ii,A,H,0.2545454545454545,0.43879635005958545
1039,ch3cn_ii/hc3n_ii,A,P,0.5454545454545454,0.304201680672269
1040,ch3cn_ii/hc3n_ii,A,U,0.48484848484848486,0.033062344438780256
1041,ch3cn_ii/hc3n_ii,C,H,0.5333333333333333,0.4117647058823529
1042,ch3cn_ii/hc3n_ii,C,P,0.6666666666666666,0.6
1043,ch3cn_ii/hc3n_ii,C,U,0.6666666666666666,0.15384615384615388
1044,ch3cn_ii/hc3n_ii,H,P,0.4666666666666667,0.5710784313725491
1045,ch3cn_ii/hc3n_ii,H,U,0.4,0.18798756432691016
1046,ch3cn_ii/hc3n_ii,P,U,0.48484848484848486,0.5054945054945054
1047,ch3cn_ii/c2h_ii,Q,A,0.3055555555555556,0.1179224394626193
1048,ch3cn_ii/c2h_ii,Q,C,0.4166666666666667,0.6444444444444444
1049,ch3cn_ii/c2h_ii,Q,H,0.5735294117647058,0.0014859661050479261
1050,ch3cn_ii/c2h_ii,Q,P,0.875,0.013675213675213672
1051,ch3cn_ii/c2h_ii,Q,U,0.4166666666666667,0.12924604894113503
1052,ch3cn_ii/c2h_ii,A,C,0.3888888888888889,0.6874931611773717
1053,ch3cn_ii/c2h_ii,A,H,0.369281045751634,0.06376864306167963
1054,ch3cn_ii/c2h_ii,A,P,0.7777777777777778,0.03610898347740454
1055,ch3cn_ii/c2h_ii,A,U,0.3611111111111111,0.20482393802522403
1056,ch3cn_ii/c2h_ii,C,H,0.5490196078431373,0.3157894736842105
1057,ch3cn_ii/c2h_ii,C,P,0.6666666666666666,0.6
1058,ch3cn_ii/c2h_ii,C,U,0.26666666666666666,0.986013986013986
1059,ch3cn_ii/c2h_ii,H,P,0.5490196078431373,0.3157894736842105
1060,ch3cn_ii/c2h_ii,H,U,0.3235294117647059,0.4286574007397806
1061,ch3cn_ii/c2h_ii,P,U,0.5,0.4930069930069928
1062,ch3cn_ii/sio_ii,Q,A,0.23214285714285715,0.42016509771458294
1063,ch3cn_ii/sio_ii,Q,C,0.6666666666666666,0.27692307692307694
1064,ch3cn_ii/sio_ii,Q,H,0.3333333333333333,0.3200959687945228
1065,ch3cn_ii/sio_ii,Q,P,0.5416666666666666,0.47999999999999987
1066,ch3cn_ii/sio_ii,Q,U,0.3181818181818182,0.3548012743216564
1067,ch3cn_ii/sio_ii,A,C,0.6071428571428571,0.35862068965517246
1068,ch3cn_ii/sio_ii,A,H,0.2976190476190476,0.3777748450993922
1069,ch3cn_ii/sio_ii,A,P,0.5357142857142857,0.48275862068965514
1070,ch3cn_ii/sio_ii,A,U,0.24675324675324675,0.6233495781600487
1071,ch3cn_ii/sio_ii,C,H,0.5,0.7252747252747253
1072,ch3cn_ii/sio_ii,C,P,1.0,0.3333333333333333
1073,ch3cn_ii/sio_ii,C,U,0.8181818181818182,0.15384615384615385
1074,ch3cn_ii/sio_ii,H,P,0.6666666666666666,0.3296703296703297
1075,ch3cn_ii/sio_ii,H,U,0.4015151515151515,0.22526658964941373
1076,ch3cn_ii/sio_ii,P,U,0.45454545454545453,0.7948717948717948
1077,ch3cn_ii/h41a_ii,Q,A,0.75,0.8
1078,ch3cn_ii/h41a_ii,Q,C,1.0,1.0
1079,ch3cn_ii/h41a_ii,Q,H,1.0,0.6666666666666666
1080,ch3cn_ii/h41a_ii,A,C,1.0,0.4
1081,ch3cn_ii/h41a_ii,A,H,0.5,0.9333333333333332
1082,ch3cn_ii/h41a_ii,C,H,0.5,1.0
1083,hc3n_ii/hcop_ii,Q,A,0.15929333824070666,0.03662408673178232
1084,hc3n_ii/hcop_ii,Q,C,0.25353535353535356,0.22791573047291344
1085,hc3n_ii/hcop_ii,Q,H,0.1887908208296558,0.010106466084445867
1086,hc3n_ii/hcop_ii,Q,P,0.341101152368758,5.61736600396986e-05
1087,hc3n_ii/hcop_ii,Q,U,0.18736517719568568,0.030807823411893816
1088,hc3n_ii/hcop_ii,A,C,0.13990103463787673,0.8508810550542302
1089,hc3n_ii/hcop_ii,A,H,0.07399473291144217,0.5377479357038606
1090,hc3n_ii/hcop_ii,A,P,0.3081484860580487,3.8092684094532385e-05
1091,hc3n_ii/hcop_ii,A,U,0.16866808481438275,0.018287498524560717
1092,hc3n_ii/hcop_ii,C,H,0.18015102481121897,0.5910561618295136
1093,hc3n_ii/hcop_ii,C,P,0.4241001564945227,0.0080428931622774
1094,hc3n_ii/hcop_ii,C,U,0.2871939736346516,0.12293885099916887
1095,hc3n_ii/hcop_ii,H,P,0.2857240530562013,0.0002623029975491978
1096,hc3n_ii/hcop_ii,H,U,0.12637814711206188,0.16395573307380193
1097,hc3n_ii/hcop_ii,P,U,0.22356170923848173,0.01987915484869554
1098,hc3n_ii/hnc_ii,Q,A,0.1290424857324033,0.1329447223846131
1099,hc3n_ii/hnc_ii,Q,C,0.1824561403508772,0.5563037967160185
1100,hc3n_ii/hnc_ii,Q,H,0.19059011164274323,0.008045811274415691
1101,hc3n_ii/hnc_ii,Q,P,0.41129231529528043,3.671017771306355e-07
1102,hc3n_ii/hnc_ii,Q,U,0.14027838190517616,0.17480494258892193
1103,hc3n_ii/hnc_ii,A,C,0.14899598393574298,0.7482838623761695
1104,hc3n_ii/hnc_ii,A,H,0.08462558367441056,0.36308547000454716
1105,hc3n_ii/hnc_ii,A,P,0.32473556196617454,1.1086021999611638e-05
1106,hc3n_ii/hnc_ii,A,U,0.17796807062962594,0.009747308808247227
1107,hc3n_ii/hnc_ii,C,H,0.17272727272727273,0.5841029005743583
1108,hc3n_ii/hnc_ii,C,P,0.32253521126760565,0.05970314744197864
1109,hc3n_ii/hnc_ii,C,U,0.23057851239669422,0.26736178310457465
1110,hc3n_ii/hnc_ii,H,P,0.2924725385807669,0.0001643487784826344
1111,hc3n_ii/hnc_ii,H,U,0.19443236189647672,0.005124203966210812
1112,hc3n_ii/hnc_ii,P,U,0.29961587708066584,0.0004624807328182813
1113,hc3n_ii/h13cop_ii,Q,A,0.33312020460358055,0.0003253334671692126
1114,hc3n_ii/h13cop_ii,Q,C,0.34782608695652173,0.07434347502329057
1115,hc3n_ii/h13cop_ii,Q,H,0.34172852598091197,0.0003039803940818057
1116,hc3n_ii/h13cop_ii,Q,P,0.34782608695652173,0.004421610498268542
1117,hc3n_ii/h13cop_ii,Q,U,0.2780586450960566,0.04928401554725636
1118,hc3n_ii/h13cop_ii,A,C,0.2647058823529412,0.19067452286161235
1119,hc3n_ii/h13cop_ii,A,H,0.09648493543758967,0.3378250204782513
1120,hc3n_ii/h13cop_ii,A,P,0.17769607843137256,0.15202508940670217
1121,hc3n_ii/h13cop_ii,A,U,0.120953032375741,0.625012966959301
1122,hc3n_ii/h13cop_ii,C,H,0.24031563845050216,0.2852326074966144
1123,hc3n_ii/h13cop_ii,C,P,0.35171568627450983,0.06759027799893669
1124,hc3n_ii/h13cop_ii,C,U,0.31053351573187415,0.1501617654273494
1125,hc3n_ii/h13cop_ii,H,P,0.13973577235772358,0.41934111886311665
1126,hc3n_ii/h13cop_ii,H,U,0.18916619398752127,0.15070388640108756
1127,hc3n_ii/h13cop_ii,P,U,0.1613372093023256,0.5266661130914834
1128,hc3n_ii/hn13c_ii,Q,A,0.32152274225444955,0.0018632600883980676
1129,hc3n_ii/hn13c_ii,Q,C,0.2967479674796748,0.3120790322500104
1130,hc3n_ii/hn13c_ii,Q,H,0.3503711558854719,0.0008151023906321709
1131,hc3n_ii/hn13c_ii,Q,P,0.4321646341463415,0.001482562742234671
1132,hc3n_ii/hn13c_ii,Q,U,0.2749445676274945,0.1016902243675095
1133,hc3n_ii/hn13c_ii,A,C,0.13963963963963963,0.9616032015655873
1134,hc3n_ii/hn13c_ii,A,H,0.08260869565217391,0.72774984720611
1135,hc3n_ii/hn13c_ii,A,P,0.18243243243243243,0.30380869413968536
1136,hc3n_ii/hn13c_ii,A,U,0.2244062244062244,0.11032837079775476
1137,hc3n_ii/hn13c_ii,C,H,0.15797101449275364,0.9056985815483126
1138,hc3n_ii/hn13c_ii,C,P,0.25,0.5724605908467854
1139,hc3n_ii/hn13c_ii,C,U,0.25757575757575757,0.5177716637710422
1140,hc3n_ii/hn13c_ii,H,P,0.24565217391304348,0.08037619892417557
1141,hc3n_ii/hn13c_ii,H,U,0.22424242424242424,0.1250173464749987
1142,hc3n_ii/hn13c_ii,P,U,0.3560606060606061,0.0219979224081344
1143,hc3n_ii/13cs_ii,Q,A,0.644927536231884,0.0017115762599504076
1144,hc3n_ii/13cs_ii,Q,C,0.7777777777777778,0.04195804195804195
1145,hc3n_ii/13cs_ii,Q,H,0.6666666666666666,0.0006099362935984686
1146,hc3n_ii/13cs_ii,Q,P,0.7301587301587301,0.0008367844050002972
1147,hc3n_ii/13cs_ii,Q,U,0.5757575757575758,0.05010716837342224
1148,hc3n_ii/13cs_ii,A,C,0.5434782608695652,0.15762049500651323
1149,hc3n_ii/13cs_ii,A,H,0.2391304347826087,0.0758212560458205
1150,hc3n_ii/13cs_ii,A,P,0.3219461697722567,0.07746623521521864
1151,hc3n_ii/13cs_ii,A,U,0.2075098814229249,0.7631450941873548
1152,hc3n_ii/13cs_ii,C,H,0.3333333333333333,0.687963396819272
1153,hc3n_ii/13cs_ii,C,P,0.3333333333333333,0.7386561264822135
1154,hc3n_ii/13cs_ii,C,U,0.45454545454545453,0.4937728937728937
1155,hc3n_ii/13cs_ii,H,P,0.13457556935817805,0.8884197598441254
1156,hc3n_ii/13cs_ii,H,U,0.28063241106719367,0.36947079796638893
1157,hc3n_ii/13cs_ii,P,U,0.3593073593073593,0.22097877860077408
1158,hc3n_ii/13c34s_ii,A,H,1.0,0.3333333333333333
1159,hc3n_ii/13c34s_ii,A,U,1.0,0.6666666666666666
1160,hc3n_ii/13c34s_ii,H,U,1.0,0.6666666666666666
1161,hc3n_ii/hc13ccn_ii,Q,A,0.5,1.0
1162,hc3n_ii/hc13ccn_ii,Q,U,0.5,1.0
1163,hc3n_ii/hc13ccn_ii,A,U,0.5,1.0
1164,hc3n_ii/hnco404_ii,Q,A,0.7288135593220338,1.912195974690739e-15
1165,hc3n_ii/hnco404_ii,Q,C,0.9491525423728814,2.0339258837407973e-06
1166,hc3n_ii/hnco404_ii,Q,H,0.7205811138014527,1.3910924972240697e-11
1167,hc3n_ii/hnco404_ii,Q,P,0.8163841807909604,0.00020101967484304877
1168,hc3n_ii/hnco404_ii,Q,U,0.26417299824663937,0.02736291237028612
1169,hc3n_ii/hnco404_ii,A,C,0.4604519774011299,0.1437848067673557
1170,hc3n_ii/hnco404_ii,A,H,0.14576271186440679,0.6701077232686661
1171,hc3n_ii/hnco404_ii,A,P,0.2740112994350282,0.7181532606737526
1172,hc3n_ii/hnco404_ii,A,U,0.5888369374634717,7.936278975799602e-10
1173,hc3n_ii/hnco404_ii,C,H,0.5476190476190477,0.06050367539456117
1174,hc3n_ii/hnco404_ii,C,P,0.6666666666666666,0.14285714285714285
1175,hc3n_ii/hnco404_ii,C,U,0.7586206896551724,0.0011818439069736474
1176,hc3n_ii/hnco404_ii,H,P,0.2571428571428571,0.8148233648875497
1177,hc3n_ii/hnco404_ii,H,U,0.6152709359605911,2.9909724050450856e-08
1178,hc3n_ii/hnco404_ii,P,U,0.6954022988505747,0.004100441366841532
1179,hc3n_ii/ch3cn_ii,Q,A,0.27515151515151515,0.18885250250110347
1180,hc3n_ii/ch3cn_ii,Q,C,0.6266666666666667,0.16361416361416364
1181,hc3n_ii/ch3cn_ii,Q,H,0.22666666666666666,0.650607200698117
1182,hc3n_ii/ch3cn_ii,Q,P,0.4,0.6520146520146518
1183,hc3n_ii/ch3cn_ii,Q,U,0.31636363636363635,0.3501836907909015
1184,hc3n_ii/ch3cn_ii,A,C,0.48484848484848486,0.44425770308123247
1185,hc3n_ii/ch3cn_ii,A,H,0.2545454545454545,0.43879635005958545
1186,hc3n_ii/ch3cn_ii,A,P,0.5454545454545454,0.304201680672269
1187,hc3n_ii/ch3cn_ii,A,U,0.48484848484848486,0.033062344438780256
1188,hc3n_ii/ch3cn_ii,C,H,0.5333333333333333,0.4117647058823529
1189,hc3n_ii/ch3cn_ii,C,P,0.6666666666666666,0.6
1190,hc3n_ii/ch3cn_ii,C,U,0.6666666666666666,0.15384615384615388
1191,hc3n_ii/ch3cn_ii,H,P,0.4666666666666667,0.5710784313725491
1192,hc3n_ii/ch3cn_ii,H,U,0.4,0.18798756432691016
1193,hc3n_ii/ch3cn_ii,P,U,0.48484848484848486,0.5054945054945054
1194,hc3n_ii/c2h_ii,Q,A,0.24530973451327434,0.001889236865977757
1195,hc3n_ii/c2h_ii,Q,C,0.3080701754385965,0.09196881089540422
1196,hc3n_ii/c2h_ii,Q,H,0.4155223880597015,5.218411662074629e-09
1197,hc3n_ii/c2h_ii,Q,P,0.5980952380952381,1.4282716705312911e-12
1198,hc3n_ii/c2h_ii,Q,U,0.3731455399061033,4.640347002166722e-05
1199,hc3n_ii/c2h_ii,A,C,0.1599906846762925,0.69954951896818
1200,hc3n_ii/c2h_ii,A,H,0.2916611632104962,1.7176907610614507e-08
1201,hc3n_ii/c2h_ii,A,P,0.6039190897597977,7.826942424277762e-19
1202,hc3n_ii/c2h_ii,A,U,0.35659977564502054,1.2328960858844961e-06
1203,hc3n_ii/c2h_ii,C,H,0.2626341974338832,0.15077063239900548
1204,hc3n_ii/c2h_ii,C,P,0.5323308270676692,0.00019892609803274456
1205,hc3n_ii/c2h_ii,C,U,0.32097850259451444,0.07113012247404292
1206,hc3n_ii/c2h_ii,H,P,0.4668088130774698,8.387704357309638e-11
1207,hc3n_ii/c2h_ii,H,U,0.26164949898395345,0.00114222254672492
1208,hc3n_ii/c2h_ii,P,U,0.26579476861167,0.00909451922405181
1209,hc3n_ii/sio_ii,Q,A,0.1844151453684922,0.12733595296781955
1210,hc3n_ii/sio_ii,Q,C,0.34243697478991597,0.3585402879748104
1211,hc3n_ii/sio_ii,Q,H,0.23970588235294119,0.09144203618712944
1212,hc3n_ii/sio_ii,Q,P,0.5294117647058824,0.03597538096275608
1213,hc3n_ii/sio_ii,Q,U,0.2113970588235294,0.08761281768298057
1214,hc3n_ii/sio_ii,A,C,0.3399014778325123,0.36084556522034883
1215,hc3n_ii/sio_ii,A,H,0.14770114942528736,0.5274603116806087
1216,hc3n_ii/sio_ii,A,P,0.5287356321839081,0.03353101724389501
1217,hc3n_ii/sio_ii,A,U,0.2604166666666667,0.010548594403798354
1218,hc3n_ii/sio_ii,C,H,0.43214285714285716,0.15901719881092358
1219,hc3n_ii/sio_ii,C,P,0.8571428571428571,0.008158508158508158
1220,hc3n_ii/sio_ii,C,U,0.3236607142857143,0.4323934980807313
1221,hc3n_ii/sio_ii,H,P,0.45,0.1283717533907087
1222,hc3n_ii/sio_ii,H,U,0.375,0.0013565913668504084
1223,hc3n_ii/sio_ii,P,U,0.703125,0.0013301995369611967
1224,hc3n_ii/h41a_ii,Q,A,0.6,1.0
1225,hc3n_ii/h41a_ii,Q,C,1.0,1.0
1226,hc3n_ii/h41a_ii,Q,H,0.5555555555555556,1.0
1227,hc3n_ii/h41a_ii,Q,P,0.5,1.0
1228,hc3n_ii/h41a_ii,A,C,0.8,0.6666666666666666
1229,hc3n_ii/h41a_ii,A,H,0.4,0.5414585414585416
1230,hc3n_ii/h41a_ii,A,P,0.6,0.5714285714285714
1231,hc3n_ii/h41a_ii,C,H,0.5555555555555556,1.0
1232,hc3n_ii/h41a_ii,C,P,0.5,1.0
1233,hc3n_ii/h41a_ii,H,P,0.3333333333333333,0.9818181818181819
1234,c2h_ii/hcop_ii,Q,A,0.1470496018059823,0.003086934279307317
1235,c2h_ii/hcop_ii,Q,C,0.08336798336798337,0.8412698011022002
1236,c2h_ii/hcop_ii,Q,H,0.10257154529230901,0.08646955771386451
1237,c2h_ii/hcop_ii,Q,P,0.21944123111438288,1.5900080123229114e-05
1238,c2h_ii/hcop_ii,Q,U,0.04319982633235645,0.9714636303605233
1239,c2h_ii/hcop_ii,A,C,0.19557379975013386,0.0225966428364938
1240,c2h_ii/hcop_ii,A,H,0.22404465388257314,7.53191991376564e-10
1241,c2h_ii/hcop_ii,A,P,0.3256294744824722,1.2455419511530547e-15
1242,c2h_ii/hcop_ii,A,U,0.16004621735200664,0.0005266830198044426
1243,c2h_ii/hcop_ii,C,H,0.10457132366440243,0.5312715313665646
1244,c2h_ii/hcop_ii,C,P,0.19449266686620773,0.03336989742969526
1245,c2h_ii/hcop_ii,C,U,0.1001544640098857,0.6355469958450024
1246,c2h_ii/hcop_ii,H,P,0.12740172543484116,0.01012167655098589
1247,c2h_ii/hcop_ii,H,U,0.09903096874370992,0.08588269482485336
1248,c2h_ii/hcop_ii,P,U,0.20466301001672058,3.904804209094051e-05
1249,c2h_ii/hnc_ii,Q,A,0.06593095642331635,0.5072477248696614
1250,c2h_ii/hnc_ii,Q,C,0.17025518341307816,0.09016979698095728
1251,c2h_ii/hnc_ii,Q,H,0.2473890608875129,1.779448098846647e-08
1252,c2h_ii/hnc_ii,Q,P,0.4283965728274174,1.74802669370368e-20
1253,c2h_ii/hnc_ii,Q,U,0.19095816464237517,0.00028949410255632785
1254,c2h_ii/hnc_ii,A,C,0.2031140902108644,0.01492578641092745
1255,c2h_ii/hnc_ii,A,H,0.27981024667931687,2.5416624540487133e-15
1256,c2h_ii/hnc_ii,A,P,0.46633086843139354,2.3254283179661967e-32
1257,c2h_ii/hnc_ii,A,U,0.23500438441015692,4.0046931124511735e-08
1258,c2h_ii/hnc_ii,C,H,0.14556149732620322,0.15916793892942244
1259,c2h_ii/hnc_ii,C,P,0.3047921071176885,7.976013411589345e-05
1260,c2h_ii/hnc_ii,C,U,0.10078517973254815,0.6215832932553895
1261,c2h_ii/hnc_ii,H,P,0.25297765617875057,1.5613829856771218e-09
1262,c2h_ii/hnc_ii,H,U,0.09031674208144796,0.1448265492299598
1263,c2h_ii/hnc_ii,P,U,0.2492232369833349,2.1623788890491118e-07
1264,c2h_ii/h13cop_ii,Q,A,0.24847457627118644,0.00015015436379658476
1265,c2h_ii/h13cop_ii,Q,C,0.15461538461538463,0.6433345980992142
1266,c2h_ii/h13cop_ii,Q,H,0.12524271844660195,0.2177109725332467
1267,c2h_ii/h13cop_ii,Q,P,0.2850649350649351,0.001259387498989762
1268,c2h_ii/h13cop_ii,Q,U,0.21566265060240963,0.024096946889253706
1269,c2h_ii/h13cop_ii,A,C,0.3239895697522816,0.009840689232289245
1270,c2h_ii/h13cop_ii,A,H,0.3180681257199276,2.2643151336295062e-11
1271,c2h_ii/h13cop_ii,A,P,0.48536209553158705,1.2102271332191074e-13
1272,c2h_ii/h13cop_ii,A,U,0.38950377782315704,2.56926790579283e-09
1273,c2h_ii/h13cop_ii,C,H,0.10866318147871545,0.9175914431963044
1274,c2h_ii/h13cop_ii,C,P,0.3531468531468531,0.011913835813461704
1275,c2h_ii/h13cop_ii,C,U,0.22659870250231695,0.22006494395849338
1276,c2h_ii/h13cop_ii,H,P,0.28539906695246503,0.0001555999727671397
1277,c2h_ii/h13cop_ii,H,U,0.20651538191601357,0.010671002643059754
1278,c2h_ii/h13cop_ii,P,U,0.1664841182913472,0.1882590600828494
1279,c2h_ii/hn13c_ii,Q,A,0.13301642178046671,0.33233532292459045
1280,c2h_ii/hn13c_ii,Q,C,0.2153846153846154,0.5549041951691521
1281,c2h_ii/hn13c_ii,Q,H,0.27802197802197803,0.001980011478781762
1282,c2h_ii/hn13c_ii,Q,P,0.4681912681912682,3.3017505360314955e-05
1283,c2h_ii/hn13c_ii,Q,U,0.31076923076923074,0.006369611000690402
1284,c2h_ii/hn13c_ii,A,C,0.32471910112359553,0.08427872939644312
1285,c2h_ii/hn13c_ii,A,H,0.364633493846977,2.9832000782363915e-09
1286,c2h_ii/hn13c_ii,A,P,0.5197388399635591,3.7960321043660416e-08
1287,c2h_ii/hn13c_ii,A,U,0.3442696629213483,0.00012513273697521208
1288,c2h_ii/hn13c_ii,C,H,0.2968253968253968,0.15233239891297248
1289,c2h_ii/hn13c_ii,C,P,0.42162162162162165,0.03207112711212451
1290,c2h_ii/hn13c_ii,C,U,0.28,0.27513990735582305
1291,c2h_ii/hn13c_ii,H,P,0.30416130416130416,0.0076029688807140155
1292,c2h_ii/hn13c_ii,H,U,0.16634920634920636,0.24065104301271162
1293,c2h_ii/hn13c_ii,P,U,0.22,0.21089350390708117
1294,c2h_ii/13cs_ii,Q,A,0.7584541062801933,8.61442852611058e-05
1295,c2h_ii/13cs_ii,Q,C,0.8888888888888888,0.005994005994005993
1296,c2h_ii/13cs_ii,Q,H,0.6535947712418301,0.0008661871622589444
1297,c2h_ii/13cs_ii,Q,P,0.3333333333333333,0.41087679936255644
1298,c2h_ii/13cs_ii,Q,U,0.30303030303030304,0.6364015241724219
1299,c2h_ii/13cs_ii,A,C,0.30434782608695654,0.6954952193643414
1300,c2h_ii/13cs_ii,A,H,0.2186700767263427,0.12080148209863852
1301,c2h_ii/13cs_ii,A,P,0.5269151138716356,0.000334230010841862
1302,c2h_ii/13cs_ii,A,U,0.6304347826086957,0.0006409432440801274
1303,c2h_ii/13cs_ii,C,H,0.32941176470588235,0.585678387710952
1304,c2h_ii/13cs_ii,C,P,0.7142857142857143,0.016327151109759803
1305,c2h_ii/13cs_ii,C,U,0.7272727272727273,0.029304029304029304
1306,c2h_ii/13cs_ii,H,P,0.4789915966386555,0.0006903546903321635
1307,c2h_ii/13cs_ii,H,U,0.5561497326203209,0.0029161012755935032
1308,c2h_ii/13cs_ii,P,U,0.2077922077922078,0.8369897712434105
1309,c2h_ii/13c34s_ii,A,H,1.0,0.2
1310,c2h_ii/13c34s_ii,A,P,1.0,0.6666666666666666
1311,c2h_ii/13c34s_ii,H,P,1.0,0.5
1312,c2h_ii/hc13ccn_ii,Q,A,0.6666666666666666,0.6
1313,c2h_ii/hc13ccn_ii,Q,U,0.6666666666666666,1.0
1314,c2h_ii/hc13ccn_ii,A,U,1.0,0.6666666666666666
1315,c2h_ii/hnco404_ii,Q,A,0.7895357985837923,8.587706200757626e-16
1316,c2h_ii/hnco404_ii,Q,C,0.9024390243902439,3.9114984363785e-05
1317,c2h_ii/hnco404_ii,Q,H,0.8191056910569106,2.0407090819457515e-13
1318,c2h_ii/hnco404_ii,Q,P,0.926829268292683,3.2595820303154168e-06
1319,c2h_ii/hnco404_ii,Q,U,0.3318551367331855,0.02591671290709507
1320,c2h_ii/hnco404_ii,A,C,0.3118279569892473,0.5571884948531128
1321,c2h_ii/hnco404_ii,A,H,0.3673835125448029,0.0029216524246749973
1322,c2h_ii/hnco404_ii,A,P,0.7442396313364056,0.0004656532407801638
1323,c2h_ii/hnco404_ii,A,U,0.509286412512219,1.2132887212977137e-05
1324,c2h_ii/hnco404_ii,C,H,0.5555555555555556,0.060152282231871454
1325,c2h_ii/hnco404_ii,C,P,0.8333333333333334,0.01515151515151515
1326,c2h_ii/hnco404_ii,C,U,0.6060606060606061,0.02937636374168882
1327,c2h_ii/hnco404_ii,H,P,0.5515873015873016,0.03572150967440097
1328,c2h_ii/hnco404_ii,H,U,0.553030303030303,2.1024382870017717e-05
1329,c2h_ii/hnco404_ii,P,U,0.696969696969697,0.003268152648957603
1330,c2h_ii/ch3cn_ii,Q,A,0.3055555555555556,0.1179224394626193
1331,c2h_ii/ch3cn_ii,Q,C,0.4166666666666667,0.6444444444444444
1332,c2h_ii/ch3cn_ii,Q,H,0.5735294117647058,0.0014859661050479261
1333,c2h_ii/ch3cn_ii,Q,P,0.875,0.013675213675213672
1334,c2h_ii/ch3cn_ii,Q,U,0.4166666666666667,0.12924604894113503
1335,c2h_ii/ch3cn_ii,A,C,0.3888888888888889,0.6874931611773717
1336,c2h_ii/ch3cn_ii,A,H,0.369281045751634,0.06376864306167963
1337,c2h_ii/ch3cn_ii,A,P,0.7777777777777778,0.03610898347740454
1338,c2h_ii/ch3cn_ii,A,U,0.3611111111111111,0.20482393802522403
1339,c2h_ii/ch3cn_ii,C,H,0.5490196078431373,0.3157894736842105
1340,c2h_ii/ch3cn_ii,C,P,0.6666666666666666,0.6
1341,c2h_ii/ch3cn_ii,C,U,0.26666666666666666,0.986013986013986
1342,c2h_ii/ch3cn_ii,H,P,0.5490196078431373,0.3157894736842105
1343,c2h_ii/ch3cn_ii,H,U,0.3235294117647059,0.4286574007397806
1344,c2h_ii/ch3cn_ii,P,U,0.5,0.4930069930069928
1345,c2h_ii/hc3n_ii,Q,A,0.24530973451327434,0.001889236865977757
1346,c2h_ii/hc3n_ii,Q,C,0.3080701754385965,0.09196881089540422
1347,c2h_ii/hc3n_ii,Q,H,0.4155223880597015,5.218411662074629e-09
1348,c2h_ii/hc3n_ii,Q,P,0.5980952380952381,1.4282716705312911e-12
1349,c2h_ii/hc3n_ii,Q,U,0.3731455399061033,4.640347002166722e-05
1350,c2h_ii/hc3n_ii,A,C,0.1599906846762925,0.69954951896818
1351,c2h_ii/hc3n_ii,A,H,0.2916611632104962,1.7176907610614507e-08
1352,c2h_ii/hc3n_ii,A,P,0.6039190897597977,7.826942424277762e-19
1353,c2h_ii/hc3n_ii,A,U,0.35659977564502054,1.2328960858844961e-06
1354,c2h_ii/hc3n_ii,C,H,0.2626341974338832,0.15077063239900548
1355,c2h_ii/hc3n_ii,C,P,0.5323308270676692,0.00019892609803274456
1356,c2h_ii/hc3n_ii,C,U,0.32097850259451444,0.07113012247404292
1357,c2h_ii/hc3n_ii,H,P,0.4668088130774698,8.387704357309638e-11
1358,c2h_ii/hc3n_ii,H,U,0.26164949898395345,0.00114222254672492
1359,c2h_ii/hc3n_ii,P,U,0.26579476861167,0.00909451922405181
1360,c2h_ii/sio_ii,Q,A,0.21153846153846154,0.10052948240874014
1361,c2h_ii/sio_ii,Q,C,0.5056818181818182,0.012674320645979021
1362,c2h_ii/sio_ii,Q,H,0.48878205128205127,3.2812547865269045e-05
1363,c2h_ii/sio_ii,Q,P,0.6708333333333333,0.00042136067679661833
1364,c2h_ii/sio_ii,Q,U,0.3172043010752688,0.03424672970617841
1365,c2h_ii/sio_ii,A,C,0.32667332667332666,0.19470900306956745
1366,c2h_ii/sio_ii,A,H,0.37362637362637363,0.0006768140442256218
1367,c2h_ii/sio_ii,A,P,0.5373626373626373,0.005971088011659521
1368,c2h_ii/sio_ii,A,U,0.20241049273307338,0.25395315292930154
1369,c2h_ii/sio_ii,C,H,0.3939393939393939,0.10420649447813773
1370,c2h_ii/sio_ii,C,P,0.6272727272727273,0.017266015718028098
1371,c2h_ii/sio_ii,C,U,0.3284457478005865,0.27274880732839657
1372,c2h_ii/sio_ii,H,P,0.258974358974359,0.5750401065852365
1373,c2h_ii/sio_ii,H,U,0.2903225806451613,0.08541925974456925
1374,c2h_ii/sio_ii,P,U,0.4838709677419355,0.03378152171854505
1375,c2h_ii/h41a_ii,Q,A,0.5,1.0
1376,c2h_ii/h41a_ii,Q,C,1.0,1.0
1377,c2h_ii/h41a_ii,Q,H,0.5454545454545454,1.0
1378,c2h_ii/h41a_ii,Q,P,0.5,1.0
1379,c2h_ii/h41a_ii,A,C,0.5,1.0
1380,c2h_ii/h41a_ii,A,H,0.45454545454545453,0.3320943762120233
1381,c2h_ii/h41a_ii,A,P,0.3333333333333333,1.0
1382,c2h_ii/h41a_ii,C,H,0.5454545454545454,1.0
1383,c2h_ii/h41a_ii,C,P,0.5,1.0
1384,c2h_ii/h41a_ii,H,P,0.45454545454545453,0.7948717948717948
1385,sio_ii/hcop_ii,Q,A,0.2188847369933889,0.031799575076267794
1386,sio_ii/hcop_ii,Q,C,0.37370892018779345,0.04652156310383375
1387,sio_ii/hcop_ii,Q,H,0.35038804254096007,0.0010843433147766951
1388,sio_ii/hcop_ii,Q,P,0.31882202304737517,0.23131208930090535
1389,sio_ii/hcop_ii,Q,U,0.1467753891771683,0.3610817557544028
1390,sio_ii/hcop_ii,A,C,0.19251700680272107,0.6455251684303552
1391,sio_ii/hcop_ii,A,H,0.2755102040816326,0.012825050493196037
1392,sio_ii/hcop_ii,A,P,0.17717996289424862,0.8581552785142317
1393,sio_ii/hcop_ii,A,U,0.2083780880773362,0.040426967575176935
1394,sio_ii/hcop_ii,C,H,0.38231292517006804,0.05002638290462968
1395,sio_ii/hcop_ii,C,P,0.30303030303030304,0.5001480683806703
1396,sio_ii/hcop_ii,C,U,0.34035087719298246,0.08133558358521377
1397,sio_ii/hcop_ii,H,P,0.287569573283859,0.37058409492796296
1398,sio_ii/hcop_ii,H,U,0.2932330827067669,0.009027808182145047
1399,sio_ii/hcop_ii,P,U,0.2930622009569378,0.3139147712001797
1400,sio_ii/hnc_ii,Q,A,0.22512886597938145,0.019103478950782845
1401,sio_ii/hnc_ii,Q,C,0.4125,0.019160384436349504
1402,sio_ii/hnc_ii,Q,H,0.4166666666666667,3.62831603924444e-05
1403,sio_ii/hnc_ii,Q,P,0.33636363636363636,0.1764571950149306
1404,sio_ii/hnc_ii,Q,U,0.19537037037037036,0.07135700902858014
1405,sio_ii/hnc_ii,A,C,0.27353951890034367,0.23761098274002027
1406,sio_ii/hnc_ii,A,H,0.30455326460481097,0.004135534268325206
1407,sio_ii/hnc_ii,A,P,0.1583880037488285,0.9290488174469183
1408,sio_ii/hnc_ii,A,U,0.3269695812651139,0.00010186695054515351
1409,sio_ii/hnc_ii,C,H,0.2625,0.3458245811772038
1410,sio_ii/hnc_ii,C,P,0.19393939393939394,0.9242319599904738
1411,sio_ii/hnc_ii,C,U,0.5259259259259259,0.0009286550524728478
1412,sio_ii/hnc_ii,H,P,0.2821969696969697,0.39504044702692115
1413,sio_ii/hnc_ii,H,U,0.375,0.00026533412498153303
1414,sio_ii/hnc_ii,P,U,0.4107744107744108,0.05429843231035454
1415,sio_ii/h13cop_ii,Q,A,0.48845315904139436,5.3791990027979296e-05
1416,sio_ii/h13cop_ii,Q,C,0.6296296296296297,0.007774872513470955
1417,sio_ii/h13cop_ii,Q,H,0.6388888888888888,2.0269767347416162e-06
1418,sio_ii/h13cop_ii,Q,P,0.7407407407407407,0.001900507396810478
1419,sio_ii/h13cop_ii,Q,U,0.5634920634920635,0.003057101393855707
1420,sio_ii/h13cop_ii,A,C,0.2088235294117647,0.8458182496366249
1421,sio_ii/h13cop_ii,A,H,0.2996732026143791,0.016275819591592355
1422,sio_ii/h13cop_ii,A,P,0.4470588235294118,0.10512659733035824
1423,sio_ii/h13cop_ii,A,U,0.3033613445378151,0.17371487058036536
1424,sio_ii/h13cop_ii,C,H,0.4027777777777778,0.18681425965660378
1425,sio_ii/h13cop_ii,C,P,0.375,0.5076923076923078
1426,sio_ii/h13cop_ii,C,U,0.4642857142857143,0.1636176001501079
1427,sio_ii/h13cop_ii,H,P,0.19444444444444445,0.9418610547368348
1428,sio_ii/h13cop_ii,H,U,0.15873015873015872,0.9226114949635342
1429,sio_ii/h13cop_ii,P,U,0.21428571428571427,0.9811919504643963
1430,sio_ii/hn13c_ii,Q,A,0.38906926406926406,0.00528277336396576
1431,sio_ii/hn13c_ii,Q,C,0.5,0.14863205759757486
1432,sio_ii/hn13c_ii,Q,H,0.6192528735632183,3.028181828847373e-05
1433,sio_ii/hn13c_ii,Q,P,0.625,0.016846828860177025
1434,sio_ii/hn13c_ii,Q,U,0.47619047619047616,0.023889232906820386
1435,sio_ii/hn13c_ii,A,C,0.3246753246753247,0.5028918379852216
1436,sio_ii/hn13c_ii,A,H,0.2431706224809673,0.13824268082918667
1437,sio_ii/hn13c_ii,A,P,0.33766233766233766,0.3894930061395864
1438,sio_ii/hn13c_ii,A,U,0.22077922077922077,0.5472424422137867
1439,sio_ii/hn13c_ii,C,H,0.3275862068965517,0.5415855491756821
1440,sio_ii/hn13c_ii,C,P,0.42857142857142855,0.4335664335664336
1441,sio_ii/hn13c_ii,C,U,0.35714285714285715,0.5639834881320949
1442,sio_ii/hn13c_ii,H,P,0.29064039408866993,0.6305057213501236
1443,sio_ii/hn13c_ii,H,U,0.2881773399014778,0.3489226828014539
1444,sio_ii/hn13c_ii,P,U,0.35714285714285715,0.5698572411420708
1445,sio_ii/13cs_ii,Q,A,0.8,0.0003125471674894012
1446,sio_ii/13cs_ii,Q,C,0.8571428571428571,0.5
1447,sio_ii/13cs_ii,Q,H,0.8571428571428571,0.00013753806857255132
1448,sio_ii/13cs_ii,Q,P,0.6071428571428571,0.21212121212121218
1449,sio_ii/13cs_ii,Q,U,0.5714285714285714,0.21212121212121213
1450,sio_ii/13cs_ii,A,C,0.7428571428571429,0.5555555555555556
1451,sio_ii/13cs_ii,A,H,0.2360248447204969,0.3569526112271352
1452,sio_ii/13cs_ii,A,P,0.19285714285714287,0.9951368372421004
1453,sio_ii/13cs_ii,A,U,0.34285714285714286,0.4439234336538573
1454,sio_ii/13cs_ii,C,H,0.5652173913043478,0.9166666666666666
1455,sio_ii/13cs_ii,C,P,0.75,0.8
1456,sio_ii/13cs_ii,C,U,0.7142857142857143,0.75
1457,sio_ii/13cs_ii,H,P,0.358695652173913,0.663019943019943
1458,sio_ii/13cs_ii,H,U,0.42857142857142855,0.2035976029079477
1459,sio_ii/13cs_ii,P,U,0.32142857142857145,0.8909090909090908
1460,sio_ii/13c34s_ii,A,H,1.0,0.6666666666666666
1461,sio_ii/13c34s_ii,A,U,1.0,0.6666666666666666
1462,sio_ii/13c34s_ii,H,U,1.0,1.0
1463,sio_ii/hc13ccn_ii,Q,A,0.5,1.0
1464,sio_ii/hc13ccn_ii,Q,U,0.5,1.0
1465,sio_ii/hc13ccn_ii,A,U,1.0,1.0
1466,sio_ii/hnco404_ii,Q,A,0.6130952380952381,6.384096320261746e-09
1467,sio_ii/hnco404_ii,Q,C,0.6904761904761905,0.0049171592542269415
1468,sio_ii/hnco404_ii,Q,H,0.6964285714285714,1.1661701337600167e-07
1469,sio_ii/hnco404_ii,Q,P,0.8035714285714286,0.005598449660094129
1470,sio_ii/hnco404_ii,Q,U,0.2123015873015873,0.17458806458677859
1471,sio_ii/hnco404_ii,A,C,0.35714285714285715,0.44308932754170804
1472,sio_ii/hnco404_ii,A,H,0.2857142857142857,0.1922885284397026
1473,sio_ii/hnco404_ii,A,P,0.38095238095238093,0.5673560682660784
1474,sio_ii/hnco404_ii,A,U,0.47619047619047616,4.965146360899788e-05
1475,sio_ii/hnco404_ii,C,H,0.38095238095238093,0.4228167967298401
1476,sio_ii/hnco404_ii,C,P,0.4166666666666667,0.6952380952380952
1477,sio_ii/hnco404_ii,C,U,0.5888888888888889,0.030248213994200825
1478,sio_ii/hnco404_ii,H,P,0.2857142857142857,0.8633992094861661
1479,sio_ii/hnco404_ii,H,U,0.546031746031746,0.00017685180182703555
1480,sio_ii/hnco404_ii,P,U,0.6666666666666666,0.04225112801827485
1481,sio_ii/ch3cn_ii,Q,A,0.23214285714285715,0.42016509771458294
1482,sio_ii/ch3cn_ii,Q,C,0.6666666666666666,0.27692307692307694
1483,sio_ii/ch3cn_ii,Q,H,0.3333333333333333,0.3200959687945228
1484,sio_ii/ch3cn_ii,Q,P,0.5416666666666666,0.47999999999999987
1485,sio_ii/ch3cn_ii,Q,U,0.3181818181818182,0.3548012743216564
1486,sio_ii/ch3cn_ii,A,C,0.6071428571428571,0.35862068965517246
1487,sio_ii/ch3cn_ii,A,H,0.2976190476190476,0.3777748450993922
1488,sio_ii/ch3cn_ii,A,P,0.5357142857142857,0.48275862068965514
1489,sio_ii/ch3cn_ii,A,U,0.24675324675324675,0.6233495781600487
1490,sio_ii/ch3cn_ii,C,H,0.5,0.7252747252747253
1491,sio_ii/ch3cn_ii,C,P,1.0,0.3333333333333333
1492,sio_ii/ch3cn_ii,C,U,0.8181818181818182,0.15384615384615385
1493,sio_ii/ch3cn_ii,H,P,0.6666666666666666,0.3296703296703297
1494,sio_ii/ch3cn_ii,H,U,0.4015151515151515,0.22526658964941373
1495,sio_ii/ch3cn_ii,P,U,0.45454545454545453,0.7948717948717948
1496,sio_ii/hc3n_ii,Q,A,0.1844151453684922,0.12733595296781955
1497,sio_ii/hc3n_ii,Q,C,0.34243697478991597,0.3585402879748104
1498,sio_ii/hc3n_ii,Q,H,0.23970588235294119,0.09144203618712944
1499,sio_ii/hc3n_ii,Q,P,0.5294117647058824,0.03597538096275608
1500,sio_ii/hc3n_ii,Q,U,0.2113970588235294,0.08761281768298057
1501,sio_ii/hc3n_ii,A,C,0.3399014778325123,0.36084556522034883
1502,sio_ii/hc3n_ii,A,H,0.14770114942528736,0.5274603116806087
1503,sio_ii/hc3n_ii,A,P,0.5287356321839081,0.03353101724389501
1504,sio_ii/hc3n_ii,A,U,0.2604166666666667,0.010548594403798354
1505,sio_ii/hc3n_ii,C,H,0.43214285714285716,0.15901719881092358
1506,sio_ii/hc3n_ii,C,P,0.8571428571428571,0.008158508158508158
1507,sio_ii/hc3n_ii,C,U,0.3236607142857143,0.4323934980807313
1508,sio_ii/hc3n_ii,H,P,0.45,0.1283717533907087
1509,sio_ii/hc3n_ii,H,U,0.375,0.0013565913668504084
1510,sio_ii/hc3n_ii,P,U,0.703125,0.0013301995369611967
1511,sio_ii/c2h_ii,Q,A,0.21153846153846154,0.10052948240874014
1512,sio_ii/c2h_ii,Q,C,0.5056818181818182,0.012674320645979021
1513,sio_ii/c2h_ii,Q,H,0.48878205128205127,3.2812547865269045e-05
1514,sio_ii/c2h_ii,Q,P,0.6708333333333333,0.00042136067679661833
1515,sio_ii/c2h_ii,Q,U,0.3172043010752688,0.03424672970617841
1516,sio_ii/c2h_ii,A,C,0.32667332667332666,0.19470900306956745
1517,sio_ii/c2h_ii,A,H,0.37362637362637363,0.0006768140442256218
1518,sio_ii/c2h_ii,A,P,0.5373626373626373,0.005971088011659521
1519,sio_ii/c2h_ii,A,U,0.20241049273307338,0.25395315292930154
1520,sio_ii/c2h_ii,C,H,0.3939393939393939,0.10420649447813773
1521,sio_ii/c2h_ii,C,P,0.6272727272727273,0.017266015718028098
1522,sio_ii/c2h_ii,C,U,0.3284457478005865,0.27274880732839657
1523,sio_ii/c2h_ii,H,P,0.258974358974359,0.5750401065852365
1524,sio_ii/c2h_ii,H,U,0.2903225806451613,0.08541925974456925
1525,sio_ii/c2h_ii,P,U,0.4838709677419355,0.03378152171854505
1526,sio_ii/h41a_ii,Q,A,0.75,0.8
1527,sio_ii/h41a_ii,Q,H,1.0,0.4
1528,sio_ii/h41a_ii,A,H,0.5,0.7714285714285716
1529,h41a_ii/hcop_ii,Q,A,0.5714285714285714,1.0
1530,h41a_ii/hcop_ii,Q,C,1.0,1.0
1531,h41a_ii/hcop_ii,Q,H,0.5454545454545454,1.0
1532,h41a_ii/hcop_ii,Q,P,0.5,1.0
1533,h41a_ii/hcop_ii,A,C,0.5714285714285714,1.0
1534,h41a_ii/hcop_ii,A,H,0.22077922077922077,0.9396681749622924
1535,h41a_ii/hcop_ii,A,P,0.5,0.75
1536,h41a_ii/hcop_ii,C,H,0.5454545454545454,1.0
1537,h41a_ii/hcop_ii,C,P,0.5,1.0
1538,h41a_ii/hcop_ii,H,P,0.4090909090909091,0.8846153846153846
1539,h41a_ii/hnc_ii,Q,A,0.7142857142857143,0.75
1540,h41a_ii/hnc_ii,Q,C,1.0,1.0
1541,h41a_ii/hnc_ii,Q,H,0.7272727272727273,0.6666666666666666
1542,h41a_ii/hnc_ii,Q,P,1.0,0.6666666666666666
1543,h41a_ii/hnc_ii,A,C,0.7142857142857143,0.75
1544,h41a_ii/hnc_ii,A,H,0.45454545454545453,0.2474233283056812
1545,h41a_ii/hnc_ii,A,P,0.42857142857142855,0.8888888888888888
1546,h41a_ii/hnc_ii,C,H,0.5454545454545454,1.0
1547,h41a_ii/hnc_ii,C,P,0.5,1.0
1548,h41a_ii/hnc_ii,H,P,0.45454545454545453,0.7948717948717948
1549,h41a_ii/h13cop_ii,A,C,1.0,0.2857142857142857
1550,h41a_ii/h13cop_ii,A,H,0.5,0.30169830169830175
1551,h41a_ii/h13cop_ii,A,P,0.8333333333333334,0.5714285714285714
1552,h41a_ii/h13cop_ii,C,H,0.5,1.0
1553,h41a_ii/h13cop_ii,C,P,1.0,1.0
1554,h41a_ii/h13cop_ii,H,P,0.5,1.0
1555,h41a_ii/hn13c_ii,Q,A,0.6,1.0
1556,h41a_ii/hn13c_ii,Q,C,1.0,1.0
1557,h41a_ii/hn13c_ii,Q,H,0.8,0.6666666666666666
1558,h41a_ii/hn13c_ii,Q,P,1.0,1.0
1559,h41a_ii/hn13c_ii,A,C,1.0,0.3333333333333333
1560,h41a_ii/hn13c_ii,A,H,0.6,0.35714285714285715
1561,h41a_ii/hn13c_ii,A,P,0.8,0.6666666666666666
1562,h41a_ii/hn13c_ii,C,H,0.6,1.0
1563,h41a_ii/hn13c_ii,C,P,1.0,1.0
1564,h41a_ii/hn13c_ii,H,P,0.8,0.6666666666666666
1565,h41a_ii/13cs_ii,A,C,0.75,0.8
1566,h41a_ii/13cs_ii,A,H,0.625,0.2222222222222222
1567,h41a_ii/13cs_ii,C,H,0.625,0.8888888888888888
1568,h41a_ii/hc13ccn_ii,Q,A,1.0,1.0
1569,h41a_ii/ch3cn_ii,Q,A,0.75,0.8
1570,h41a_ii/ch3cn_ii,Q,C,1.0,1.0
1571,h41a_ii/ch3cn_ii,Q,H,1.0,0.6666666666666666
1572,h41a_ii/ch3cn_ii,A,C,1.0,0.4
1573,h41a_ii/ch3cn_ii,A,H,0.5,0.9333333333333332
1574,h41a_ii/ch3cn_ii,C,H,0.5,1.0
1575,h41a_ii/hc3n_ii,Q,A,0.6,1.0
1576,h41a_ii/hc3n_ii,Q,C,1.0,1.0
1577,h41a_ii/hc3n_ii,Q,H,0.5555555555555556,1.0
1578,h41a_ii/hc3n_ii,Q,P,0.5,1.0
1579,h41a_ii/hc3n_ii,A,C,0.8,0.6666666666666666
1580,h41a_ii/hc3n_ii,A,H,0.4,0.5414585414585416
1581,h41a_ii/hc3n_ii,A,P,0.6,0.5714285714285714
1582,h41a_ii/hc3n_ii,C,H,0.5555555555555556,1.0
1583,h41a_ii/hc3n_ii,C,P,0.5,1.0
1584,h41a_ii/hc3n_ii,H,P,0.3333333333333333,0.9818181818181819
1585,h41a_ii/c2h_ii,Q,A,0.5,1.0
1586,h41a_ii/c2h_ii,Q,C,1.0,1.0
1587,h41a_ii/c2h_ii,Q,H,0.5454545454545454,1.0
1588,h41a_ii/c2h_ii,Q,P,0.5,1.0
1589,h41a_ii/c2h_ii,A,C,0.5,1.0
1590,h41a_ii/c2h_ii,A,H,0.45454545454545453,0.3320943762120233
1591,h41a_ii/c2h_ii,A,P,0.3333333333333333,1.0
1592,h41a_ii/c2h_ii,C,H,0.5454545454545454,1.0
1593,h41a_ii/c2h_ii,C,P,0.5,1.0
1594,h41a_ii/c2h_ii,H,P,0.45454545454545453,0.7948717948717948
1595,h41a_ii/sio_ii,Q,A,0.75,0.8
1596,h41a_ii/sio_ii,Q,H,1.0,0.4
1597,h41a_ii/sio_ii,A,H,0.5,0.7714285714285716
